,block_timestamp,symbol,deposit_amount,loan_amount,repay_amount,withdraw_amount,APR,deposite_volume,borrow_volume,repay_volume,withdraw_volume,utilization_rate,net_flow,liquidity_delta,debt_outstanding,apr_change,chain,lending_protocol,pool
0,2025-03-01,Rocket Pool ETH,0.0,0.0,0.0,0.01946957477191509,0.0,0.0,0.0,0.0,1.0,,-0.01946957477191509,-0.01946957477191509,0.0,,Ethereum,radiant,Rocket Pool ETH
1,2025-03-01,USDC,1.94119366092e-07,1.30721136092e-07,0.0,0.0,11.436326446011803,14.0,12.0,0.0,0.0,0.40241637115175793,1.94119366092e-07,6.339823000000001e-08,1.30721136092e-07,11.436326446011803,Ethereum,radiant,USDC
2,2025-03-01,USDT,0.0,0.0,0.0,6280.425212,0.0,0.0,0.0,0.0,1.0,,-6280.425212,-6280.425212,1.30721136092e-07,-11.436326446011803,Ethereum,radiant,USDT
3,2025-03-02,USDC,1.68984313426e-07,1.68984313426e-07,178004.61006500002,178004.61006500002,11.363065602073597,12.0,12.0,3.0,3.0,0.5,-178004.61006483104,0.0,-178004.6100647003,11.363065602073597,Ethereum,radiant,USDC
4,2025-03-02,wUSDR,70.4995737452817,70.4995737452817,0.0,0.0,186.76060083331757,11.0,11.0,5.0,4.0,0.5,70.4995737452817,0.0,-177934.11049095503,175.39753523124398,Ethereum,radiant,wUSDR
5,2025-03-02,wstETH,0.0,0.0,0.0,4.85502677312843,0.0,0.0,0.0,0.0,1.0,,-4.85502677312843,-4.85502677312843,-177934.11049095503,-186.76060083331757,Ethereum,radiant,wstETH
6,2025-03-03,USDT,0.0,0.0,499.699999,0.0,0.0,0.0,0.0,1.0,0.0,,0.0,499.699999,-178433.81048995504,0.0,Ethereum,radiant,USDT
7,2025-03-03,WBTC,0.0,0.0,0.0,0.02,0.0,0.0,0.0,0.0,1.0,,-0.02,-0.02,-178433.81048995504,0.0,Ethereum,radiant,WBTC
8,2025-03-03,WETH,0.001,0.0,0.0,0.03209336314766487,0.0,1.0,0.0,0.0,1.0,0.0,-0.031093363147664872,-0.031093363147664872,-178433.81048995504,0.0,Ethereum,radiant,WETH
9,2025-03-04,MakerDAO,0.0,0.0,1953.0419011188706,1954.7996388298775,0.0,0.0,0.0,1.0,1.0,,-1954.7996388298775,-1.7577377110069392,-180386.85239107392,0.0,Ethereum,radiant,MakerDAO
10,2025-03-04,USDC,0.0,0.0,1427.8,0.0,0.0,0.0,0.0,1.0,0.0,,0.0,1427.8,-181814.6523910739,0.0,Ethereum,radiant,USDC
11,2025-03-04,USDT,0.0,0.0,1024.217,0.0,0.0,0.0,0.0,1.0,0.0,,0.0,1024.217,-182838.8693910739,0.0,Ethereum,radiant,USDT
12,2025-03-04,WETH,0.0,0.0,0.0,0.5,0.0,0.0,0.0,0.0,1.0,,-0.5,-0.5,-182838.8693910739,0.0,Ethereum,radiant,WETH
13,2025-03-05,MakerDAO,0.0,0.0,7112.599115321579,7654.751747353037,0.0,0.0,0.0,1.0,4.0,,-7654.751747353037,-542.1526320314579,-189951.4685063955,0.0,Ethereum,radiant,MakerDAO
14,2025-03-05,USDC,0.0,0.0,0.0,361.92032500000005,0.0,0.0,0.0,0.0,2.0,,-361.92032500000005,-361.92032500000005,-189951.4685063955,0.0,Ethereum,radiant,USDC
15,2025-03-05,USDT,0.0,0.0,1003.577813,908.270293,0.0,0.0,0.0,1.0,2.0,,-908.270293,95.30751999999995,-190955.0463193955,0.0,Ethereum,radiant,USDT
16,2025-03-05,WBTC,0.0,1.1111e-12,0.0,0.00267614,9.574906349148895,0.0,1.0,0.0,2.0,1.0,-0.00267614,-0.0026761400011111,-190955.0463193955,9.574906349148895,Ethereum,radiant,WBTC
17,2025-03-05,WETH,39.2174092631732,25.273247212171555,0.0,0.10995982537997558,12.959170990184129,19.0,12.0,0.0,2.0,0.39189005963730106,39.10744943779323,13.834202225621672,-190929.77307218334,3.3842646410352337,Ethereum,radiant,WETH
18,2025-03-05,wUSDR,0.0,1.0,0.0,0.0,2.2871933334586427,0.0,1.0,1.0,1.0,1.0,0.0,-1.0,-190928.77307218334,-10.671977656725486,Ethereum,radiant,wUSDR
19,2025-03-05,wstETH,0.0,0.0,0.0,0.1324974565383568,0.0,0.0,0.0,0.0,1.0,,-0.1324974565383568,-0.1324974565383568,-190928.77307218334,-2.2871933334586427,Ethereum,radiant,wstETH
20,2025-03-06,USDT,0.0,0.0,700.084111,205.620205,0.0,0.0,0.0,1.0,1.0,,-205.620205,494.463906,-191628.85718318334,0.0,Ethereum,radiant,USDT
21,2025-03-06,WBTC,0.0,7.93e-13,0.0,0.0,9.610700992174186,0.0,1.0,0.0,0.0,1.0,0.0,-7.93e-13,-191628.85718318334,9.610700992174186,Ethereum,radiant,WBTC
22,2025-03-06,WETH,0.24233636476172704,0.0,0.0,0.0,0.0,2.0,0.0,0.0,0.0,0.0,0.24233636476172704,0.24233636476172704,-191628.85718318334,-9.610700992174186,Ethereum,radiant,WETH
23,2025-03-06,wstETH,0.0,0.0,0.0,0.12639851316187053,0.0,0.0,0.0,0.0,1.0,,-0.12639851316187053,-0.12639851316187053,-191628.85718318334,0.0,Ethereum,radiant,wstETH
24,2025-03-07,MakerDAO,0.0,0.0,0.0,12.54470284293314,0.0,0.0,0.0,0.0,1.0,,-12.54470284293314,-12.54470284293314,-191628.85718318334,0.0,Ethereum,radiant,MakerDAO
25,2025-03-07,Rocket Pool ETH,0.0,0.0,0.0,0.00299611761835178,0.0,0.0,0.0,0.0,1.0,,-0.00299611761835178,-0.00299611761835178,-191628.85718318334,0.0,Ethereum,radiant,Rocket Pool ETH
26,2025-03-07,USDC,6.8557314269e-08,6.855731426899999e-08,123613.948026,158709.834643,11.829973664421752,12.0,12.0,3.0,4.0,0.4999999999999999,-158709.83464293144,-35095.88661700001,-315242.8052091148,11.829973664421752,Ethereum,radiant,USDC
27,2025-03-07,USDT,0.0,0.0,0.0,1783.827554,0.0,0.0,0.0,0.0,3.0,,-1783.827554,-1783.827554,-315242.8052091148,-11.829973664421752,Ethereum,radiant,USDT
28,2025-03-07,WBTC,0.0,0.0,0.0,0.0017989899999999999,0.0,0.0,0.0,0.0,2.0,,-0.0017989899999999999,-0.0017989899999999999,-315242.8052091148,0.0,Ethereum,radiant,WBTC
29,2025-03-07,WETH,0.19659777573071305,0.0,45.5,54.45768797388808,0.0,3.0,0.0,3.0,5.0,0.0,-54.26109019815736,-8.761090198157362,-315288.3052091148,0.0,Ethereum,radiant,WETH
30,2025-03-07,wUSDR,0.0,0.5,0.0,0.0,1.9508684153768805,0.0,1.0,3.0,2.0,1.0,0.0,-0.5,-315287.8052091148,1.9508684153768805,Ethereum,radiant,wUSDR
31,2025-03-07,wstETH,43.10058744321511,0.0,0.0,0.06880675027892273,0.0,1.0,0.0,0.0,2.0,0.0,43.03178069293619,43.03178069293619,-315287.8052091148,-1.9508684153768805,Ethereum,radiant,wstETH
32,2025-03-08,USDC,1.5147272e-11,7.1317248759999995e-09,0.0,208.010628,12.03714892252492,1.0,2.0,0.0,1.0,0.9978805732513014,-208.01062799998485,-208.01062800711657,-315287.80520910764,12.03714892252492,Ethereum,radiant,USDC
33,2025-03-08,USDT,0.0,0.0,16420.113432,2146.79658,0.0,0.0,0.0,3.0,2.0,,-2146.79658,14273.316851999998,-331707.9186411076,-12.03714892252492,Ethereum,radiant,USDT
34,2025-03-08,WETH,0.24541373222069912,0.0,0.0,0.023682295218493802,0.0,3.0,0.0,0.0,1.0,0.0,0.22173143700220532,0.22173143700220532,-331707.9186411076,0.0,Ethereum,radiant,WETH
35,2025-03-08,wUSDR,0.0,3.44893691055998,0.0,0.0,3.9055599329735817,0.0,1.0,0.0,0.0,1.0,0.0,-3.44893691055998,-331704.4697041971,3.9055599329735817,Ethereum,radiant,wUSDR
36,2025-03-08,wstETH,0.0,0.0,0.0,0.06713369027308257,0.0,0.0,0.0,0.0,1.0,,-0.06713369027308257,-0.06713369027308257,-331704.4697041971,-3.9055599329735817,Ethereum,radiant,wstETH
37,2025-03-09,USDC,0.0,0.0,1000.0,0.0,0.0,0.0,0.0,1.0,0.0,,0.0,1000.0,-332704.4697041971,0.0,Ethereum,radiant,USDC
38,2025-03-09,USDT,0.0,0.0,0.0,8634.122304999999,0.0,0.0,0.0,0.0,3.0,,-8634.122304999999,-8634.122304999999,-332704.4697041971,0.0,Ethereum,radiant,USDT
39,2025-03-09,WBTC,3.613798e-11,2.614208e-11,0.44905282,0.6490633,9.476859806631767,12.0,11.0,2.0,3.0,0.4197503984421338,-0.649063299963862,-0.2000104799900041,-332704.91875701706,9.476859806631767,Ethereum,radiant,WBTC
40,2025-03-09,WETH,0.08817923116725407,0.0,0.0,1.0018666105669911,0.0,1.0,0.0,0.0,3.0,0.0,-0.9136873793997371,-0.9136873793997371,-332704.91875701706,-9.476859806631767,Ethereum,radiant,WETH
41,2025-03-09,wUSDR,0.0,0.0,0.0,0.0,0.0,0.0,0.0,1.0,0.0,,0.0,0.0,-332704.91875701706,0.0,Ethereum,radiant,wUSDR
42,2025-03-10,MakerDAO,0.0,0.0,0.0,0.014948361314567138,0.0,0.0,0.0,0.0,1.0,,-0.014948361314567138,-0.014948361314567138,-332704.91875701706,0.0,Ethereum,radiant,MakerDAO
43,2025-03-10,Rocket Pool ETH,0.0,0.0,0.0,2.374707394284e-06,0.0,0.0,0.0,0.0,1.0,,-2.374707394284e-06,-2.374707394284e-06,-332704.91875701706,0.0,Ethereum,radiant,Rocket Pool ETH
44,2025-03-10,USDC,0.0,0.0,361.063008,131.716641,0.0,0.0,0.0,2.0,3.0,,-131.716641,229.34636700000001,-333065.9817650171,0.0,Ethereum,radiant,USDC
45,2025-03-10,USDT,0.0,0.0,0.0,0.057975,0.0,0.0,0.0,0.0,1.0,,-0.057975,-0.057975,-333065.9817650171,0.0,Ethereum,radiant,USDT
46,2025-03-10,WBTC,0.0,0.0,0.0,0.00134304,0.0,0.0,0.0,0.0,2.0,,-0.00134304,-0.00134304,-333065.9817650171,0.0,Ethereum,radiant,WBTC
47,2025-03-10,WETH,0.11581203862115476,0.0,0.0,0.03223168408984175,0.0,2.0,0.0,0.0,1.0,0.0,0.08358035453131302,0.08358035453131302,-333065.9817650171,0.0,Ethereum,radiant,WETH
48,2025-03-10,wUSDR,0.0,0.0,0.0,0.0,0.0,0.0,0.0,0.0,1.0,,0.0,0.0,-333065.9817650171,0.0,Ethereum,radiant,wUSDR
49,2025-03-10,wstETH,0.0,0.0,0.0,0.04972785169292095,0.0,0.0,0.0,0.0,2.0,,-0.04972785169292095,-0.04972785169292095,-333065.9817650171,0.0,Ethereum,radiant,wstETH
50,2025-03-11,WETH,0.0,0.0,0.0,0.06507342287860357,0.0,0.0,0.0,0.0,1.0,,-0.06507342287860357,-0.06507342287860357,-333065.9817650171,0.0,Ethereum,radiant,WETH
51,2025-03-11,wUSDR,0.04239831251216424,0.0,0.0,0.0,0.0,1.0,0.0,0.0,0.0,0.0,0.04239831251216424,0.04239831251216424,-333065.9817650171,0.0,Ethereum,radiant,wUSDR
52,2025-03-12,MakerDAO,0.0,0.0,0.0,133.88873755143536,0.0,0.0,0.0,0.0,1.0,,-133.88873755143536,-133.88873755143536,-333065.9817650171,0.0,Ethereum,radiant,MakerDAO
53,2025-03-12,Rocket Pool ETH,0.0,0.0,0.0,0.050071854180217305,0.0,0.0,0.0,0.0,1.0,,-0.050071854180217305,-0.050071854180217305,-333065.9817650171,0.0,Ethereum,radiant,Rocket Pool ETH
54,2025-03-12,USDT,0.0,0.0,1177.397258,0.0,0.0,0.0,0.0,2.0,0.0,,0.0,1177.397258,-334243.37902301707,0.0,Ethereum,radiant,USDT
55,2025-03-12,WETH,0.2724794958203188,0.27817915714470903,0.0,0.002892119562608593,12.760031119893473,4.0,1.0,0.0,1.0,0.5051753125949264,0.2695873762577102,-0.008591780886998853,-334243.10084385995,12.760031119893473,Ethereum,radiant,WETH
56,2025-03-12,wUSDR,0.0,0.0,0.0,0.0,0.0,0.0,0.0,0.0,3.0,,0.0,0.0,-334243.10084385995,-12.760031119893473,Ethereum,radiant,wUSDR
57,2025-03-12,wstETH,0.0,0.0,0.0,0.06460219696467977,0.0,0.0,0.0,0.0,1.0,,-0.06460219696467977,-0.06460219696467977,-334243.10084385995,0.0,Ethereum,radiant,wstETH
58,2025-03-13,MakerDAO,0.0,0.0,0.0,161.130160541962,0.0,0.0,0.0,0.0,1.0,,-161.130160541962,-161.130160541962,-334243.10084385995,0.0,Ethereum,radiant,MakerDAO
59,2025-03-13,Rocket Pool ETH,0.0,0.0,0.0,0.03852643796382448,0.0,0.0,0.0,0.0,1.0,,-0.03852643796382448,-0.03852643796382448,-334243.10084385995,0.0,Ethereum,radiant,Rocket Pool ETH
60,2025-03-13,USDC,0.0,0.0,0.0,899.038193,0.0,0.0,0.0,0.0,1.0,,-899.038193,-899.038193,-334243.10084385995,0.0,Ethereum,radiant,USDC
61,2025-03-13,USDT,0.0,0.0,0.0,493.40317,0.0,0.0,0.0,0.0,1.0,,-493.40317,-493.40317,-334243.10084385995,0.0,Ethereum,radiant,USDT
62,2025-03-13,WBTC,0.0,0.0,0.0,0.00748154,0.0,0.0,0.0,0.0,1.0,,-0.00748154,-0.00748154,-334243.10084385995,0.0,Ethereum,radiant,WBTC
63,2025-03-13,WETH,0.0,0.0,0.0,0.8048191336374073,0.0,0.0,0.0,0.0,2.0,,-0.8048191336374073,-0.8048191336374073,-334243.10084385995,0.0,Ethereum,radiant,WETH
64,2025-03-13,wstETH,0.0,0.0,0.0,0.12855690231825828,0.0,0.0,0.0,0.0,1.0,,-0.12855690231825828,-0.12855690231825828,-334243.10084385995,0.0,Ethereum,radiant,wstETH
65,2025-03-14,MakerDAO,0.0,0.0,0.0,622.6520550349742,0.0,0.0,0.0,0.0,3.0,,-622.6520550349742,-622.6520550349742,-334243.10084385995,0.0,Ethereum,radiant,MakerDAO
66,2025-03-14,Rocket Pool ETH,0.0,0.0,0.0,0.04294608527828712,0.0,0.0,0.0,0.0,1.0,,-0.04294608527828712,-0.04294608527828712,-334243.10084385995,0.0,Ethereum,radiant,Rocket Pool ETH
67,2025-03-14,USDC,0.0,0.0,27015.355437,35325.1592,0.0,0.0,0.0,1.0,5.0,,-35325.1592,-8309.803763000004,-361258.45628085994,0.0,Ethereum,radiant,USDC
68,2025-03-14,USDT,3.0172069738e-08,2.2174569737999998e-08,0.0,169.624262,10.365206508078463,13.0,12.0,0.0,3.0,0.4236101870143286,-169.62426196982793,-169.6242619920025,-361258.45628083777,10.365206508078463,Ethereum,radiant,USDT
69,2025-03-14,WBTC,0.0,0.0,0.0,0.0034681,0.0,0.0,0.0,0.0,3.0,,-0.0034681,-0.0034681,-361258.45628083777,-10.365206508078463,Ethereum,radiant,WBTC
70,2025-03-14,WETH,0.2960456218400394,0.0,0.0,1.9437262384508969,0.0,3.0,0.0,0.0,3.0,0.0,-1.6476806166108575,-1.6476806166108575,-361258.45628083777,0.0,Ethereum,radiant,WETH
71,2025-03-14,wstETH,0.0,0.0,0.0,0.10075509651526013,0.0,0.0,0.0,0.0,2.0,,-0.10075509651526013,-0.10075509651526013,-361258.45628083777,0.0,Ethereum,radiant,wstETH
72,2025-03-15,USDC,0.0,0.0,20570.878908,23570.878908,0.0,0.0,0.0,1.0,2.0,,-23570.878908,-3000.0,-381829.3351888378,0.0,Ethereum,radiant,USDC
73,2025-03-15,USDT,3.1677832645e-08,2.1678642645e-08,0.0,0.0,10.34461982912176,13.0,12.0,0.0,0.0,0.4062982520335818,3.1677832645e-08,9.99919e-09,-381829.3351888161,10.34461982912176,Ethereum,radiant,USDT
74,2025-03-15,WBTC,0.0,0.0,0.27583897,0.37583896000000006,0.0,0.0,0.0,1.0,2.0,,-0.37583896000000006,-0.09999999000000004,-381829.6110277861,-10.34461982912176,Ethereum,radiant,WBTC
75,2025-03-15,WETH,0.0,0.0,21.35,29.863993645737335,0.0,0.0,0.0,2.0,3.0,,-29.863993645737335,-8.513993645737333,-381850.9610277861,0.0,Ethereum,radiant,WETH
76,2025-03-15,wUSDR,4.264633425863818,0.0,0.0,0.0,0.0,2.0,0.0,1.0,2.0,0.0,4.264633425863818,4.264633425863818,-381850.9610277861,0.0,Ethereum,radiant,wUSDR
77,2025-03-16,MakerDAO,0.0,0.0,3000.0,3000.0,0.0,0.0,0.0,2.0,2.0,,-3000.0,0.0,-384850.9610277861,0.0,Ethereum,radiant,MakerDAO
78,2025-03-16,WETH,0.0,0.1544956601600745,0.0,0.0,12.856835760345723,0.0,1.0,0.0,0.0,1.0,0.0,-0.1544956601600745,-384850.8065321259,12.856835760345723,Ethereum,radiant,WETH
79,2025-03-17,USDC,1.8070597411e-08,0.0,0.0,0.0,0.0,1.0,0.0,0.0,0.0,0.0,1.8070597411e-08,1.8070597411e-08,-384850.8065321259,-12.856835760345723,Ethereum,radiant,USDC
80,2025-03-17,WETH,0.0,17.45,0.4527949020162967,0.0,13.929572271030406,0.0,1.0,1.0,0.0,1.0,0.0,-16.997205097983702,-384833.80932702794,13.929572271030406,Ethereum,radiant,WETH
81,2025-03-17,wUSDR,16.469922528398634,0.0,0.0,0.0,0.0,1.0,0.0,0.0,1.0,0.0,16.469922528398634,16.469922528398634,-384833.80932702794,-13.929572271030406,Ethereum,radiant,wUSDR
82,2025-03-17,wstETH,0.0,0.0,41.0,41.0,0.0,0.0,0.0,3.0,3.0,,-41.0,0.0,-384874.80932702794,0.0,Ethereum,radiant,wstETH
83,2025-03-18,USDC,0.0,0.0,38456.28905,49411.767985,0.0,0.0,0.0,2.0,2.0,,-49411.767985,-10955.478935,-423331.09837702796,0.0,Ethereum,radiant,USDC
84,2025-03-18,WETH,0.0,0.5,0.0,0.02141182036405739,13.93390750084704,0.0,1.0,0.0,1.0,1.0,-0.02141182036405739,-0.5214118203640574,-423330.59837702796,13.93390750084704,Ethereum,radiant,WETH
85,2025-03-19,MakerDAO,0.0,0.0,24.813888636814205,6.970374797883113,0.0,0.0,0.0,1.0,1.0,,-6.970374797883113,17.84351383893109,-423355.4122656648,-13.93390750084704,Ethereum,radiant,MakerDAO
86,2025-03-19,USDC,0.0,1.4982446846e-08,0.0,0.0,12.904775282523783,0.0,2.0,0.0,0.0,1.0,0.0,-1.4982446846e-08,-423355.4122656498,12.904775282523783,Ethereum,radiant,USDC
87,2025-03-19,USDT,0.0,1.0642750491e-08,0.0,0.0,11.442990857557325,0.0,1.0,0.0,0.0,1.0,0.0,-1.0642750491e-08,-423355.41226563917,-1.4617844249664582,Ethereum,radiant,USDT
88,2025-03-19,wstETH,14.088205021871616,0.0,0.0,0.0,0.0,3.0,0.0,0.0,0.0,0.0,14.088205021871616,14.088205021871616,-423355.41226563917,-11.442990857557325,Ethereum,radiant,wstETH
89,2025-03-20,WETH,0.0,0.0,0.0,0.007103018770124147,0.0,0.0,0.0,0.0,1.0,,-0.007103018770124147,-0.007103018770124147,-423355.41226563917,0.0,Ethereum,radiant,WETH
90,2025-03-21,MakerDAO,863.925230655604,0.0,0.0,0.0,0.0,1.0,0.0,0.0,0.0,0.0,863.925230655604,863.925230655604,-423355.41226563917,0.0,Ethereum,radiant,MakerDAO
91,2025-03-21,WETH,0.0,0.03,0.0,0.0,13.941843194664418,0.0,1.0,0.0,0.0,1.0,0.0,-0.03,-423355.38226563914,13.941843194664418,Ethereum,radiant,WETH
92,2025-03-22,MakerDAO,0.0,0.0,0.0,29.303654777495606,0.0,0.0,0.0,0.0,1.0,,-29.303654777495606,-29.303654777495606,-423355.38226563914,-13.941843194664418,Ethereum,radiant,MakerDAO
93,2025-03-22,Rocket Pool ETH,0.0,0.0,0.0,0.006340475178413153,0.0,0.0,0.0,0.0,1.0,,-0.006340475178413153,-0.006340475178413153,-423355.38226563914,0.0,Ethereum,radiant,Rocket Pool ETH
94,2025-03-22,USDC,3.9256218631e-08,2.8259058631e-08,0.0,156.51383,12.89848295041984,26.0,24.0,0.0,1.0,0.41855798831037616,-156.5138299607438,-156.51382998900286,-423355.3822656109,12.89848295041984,Ethereum,radiant,USDC
95,2025-03-22,USDT,0.0,0.0,0.0,74.077409,0.0,0.0,0.0,0.0,1.0,,-74.077409,-74.077409,-423355.3822656109,-12.89848295041984,Ethereum,radiant,USDT
96,2025-03-22,WBTC,0.0,0.0,0.0,0.00122194,0.0,0.0,0.0,0.0,1.0,,-0.00122194,-0.00122194,-423355.3822656109,0.0,Ethereum,radiant,WBTC
97,2025-03-22,WETH,0.0,0.0,0.0,1.1931887062130484,0.0,0.0,0.0,0.0,1.0,,-1.1931887062130484,-1.1931887062130484,-423355.3822656109,0.0,Ethereum,radiant,WETH
98,2025-03-22,wstETH,0.0,0.0,0.0,0.026292224240063708,0.0,0.0,0.0,0.0,1.0,,-0.026292224240063708,-0.026292224240063708,-423355.3822656109,0.0,Ethereum,radiant,wstETH
99,2025-03-23,WBTC,2.465533e-12,0.0,0.0,0.0,0.0,1.0,0.0,0.0,0.0,0.0,2.465533e-12,2.465533e-12,-423355.3822656109,0.0,Ethereum,radiant,WBTC
100,2025-03-24,WETH,0.0,0.0,0.0,0.11570264477951622,0.0,0.0,0.0,0.0,2.0,,-0.11570264477951622,-0.11570264477951622,-423355.3822656109,0.0,Ethereum,radiant,WETH
101,2025-03-25,MakerDAO,0.0,0.0,0.0,220.555623252307,0.0,0.0,0.0,0.0,2.0,,-220.555623252307,-220.555623252307,-423355.3822656109,0.0,Ethereum,radiant,MakerDAO
102,2025-03-25,Rocket Pool ETH,0.0,0.0,0.0,0.000856623206116621,0.0,0.0,0.0,0.0,1.0,,-0.000856623206116621,-0.000856623206116621,-423355.3822656109,0.0,Ethereum,radiant,Rocket Pool ETH
103,2025-03-25,USDC,0.0,0.0,0.0,476.64572999999996,0.0,0.0,0.0,0.0,3.0,,-476.64572999999996,-476.64572999999996,-423355.3822656109,0.0,Ethereum,radiant,USDC
104,2025-03-25,USDT,0.0,0.0,0.0,303.49384899999995,0.0,0.0,0.0,0.0,2.0,,-303.49384899999995,-303.49384899999995,-423355.3822656109,0.0,Ethereum,radiant,USDT
105,2025-03-25,WBTC,0.0,0.0,0.0,0.00341499,0.0,0.0,0.0,0.0,2.0,,-0.00341499,-0.00341499,-423355.3822656109,0.0,Ethereum,radiant,WBTC
106,2025-03-25,WETH,0.9229411327024319,0.1306373850228195,0.0,0.019105988419351464,13.973322235179692,5.0,1.0,0.0,1.0,0.12399397180655752,0.9038351442830804,0.7731977592602609,-423355.2516282259,13.973322235179692,Ethereum,radiant,WETH
107,2025-03-25,wstETH,0.0,0.0,0.0,0.26570530074590987,0.0,0.0,0.0,0.0,2.0,,-0.26570530074590987,-0.26570530074590987,-423355.2516282259,-13.973322235179692,Ethereum,radiant,wstETH
108,2025-03-26,USDC,0.0,7e-10,0.0,147.288352,12.86021409126405,0.0,1.0,0.0,1.0,1.0,-147.288352,-147.2883520007,-423355.2516282252,12.86021409126405,Ethereum,radiant,USDC
109,2025-03-26,USDT,3.9e-10,0.0,0.0,0.0,0.0,1.0,0.0,0.0,0.0,0.0,3.9e-10,3.9e-10,-423355.2516282252,-12.86021409126405,Ethereum,radiant,USDT
110,2025-03-26,WETH,0.14216835908098713,0.1838094120966653,0.0,0.712031105621302,13.979592166917094,2.0,1.0,0.0,1.0,0.5638710008741432,-0.5698627465403149,-0.7536721586369801,-423355.0678188131,13.979592166917094,Ethereum,radiant,WETH
111,2025-03-26,wstETH,0.0,0.0,0.0,0.059464189871723416,0.0,0.0,0.0,0.0,1.0,,-0.059464189871723416,-0.059464189871723416,-423355.0678188131,-13.979592166917094,Ethereum,radiant,wstETH
112,2025-03-27,MakerDAO,0.0,0.0,0.0,7.869837130427231,0.0,0.0,0.0,0.0,1.0,,-7.869837130427231,-7.869837130427231,-423355.0678188131,0.0,Ethereum,radiant,MakerDAO
113,2025-03-27,Rocket Pool ETH,0.0,0.0,0.0,0.001696915213751767,0.0,0.0,0.0,0.0,1.0,,-0.001696915213751767,-0.001696915213751767,-423355.0678188131,0.0,Ethereum,radiant,Rocket Pool ETH
114,2025-03-27,USDC,2.5070071e-11,0.0,0.0,39.412978,0.0,1.0,0.0,0.0,1.0,0.0,-39.412977999974935,-39.412977999974935,-423355.0678188131,0.0,Ethereum,radiant,USDC
115,2025-03-27,USDT,0.0,0.0,0.0,20.039758,0.0,0.0,0.0,0.0,1.0,,-20.039758,-20.039758,-423355.0678188131,0.0,Ethereum,radiant,USDT
116,2025-03-27,WBTC,0.0,0.0,0.0,0.00035304,0.0,0.0,0.0,0.0,1.0,,-0.00035304,-0.00035304,-423355.0678188131,0.0,Ethereum,radiant,WBTC
117,2025-03-27,WETH,0.0,0.0,0.0,0.0353874469075215,0.0,0.0,0.0,0.0,1.0,,-0.0353874469075215,-0.0353874469075215,-423355.0678188131,0.0,Ethereum,radiant,WETH
118,2025-03-27,wUSDR,0.0,0.0,0.0,0.0,0.0,0.0,0.0,0.0,1.0,,0.0,0.0,-423355.0678188131,0.0,Ethereum,radiant,wUSDR
119,2025-03-27,wstETH,0.0,0.0,0.0,0.006734290818480659,0.0,0.0,0.0,0.0,1.0,,-0.006734290818480659,-0.006734290818480659,-423355.0678188131,0.0,Ethereum,radiant,wstETH
120,2025-03-28,USDT,0.0,0.0,0.0,117.557956,0.0,0.0,0.0,0.0,1.0,,-117.557956,-117.557956,-423355.0678188131,0.0,Ethereum,radiant,USDT
121,2025-03-28,WBTC,0.0,0.0,0.0,0.00139621,0.0,0.0,0.0,0.0,1.0,,-0.00139621,-0.00139621,-423355.0678188131,0.0,Ethereum,radiant,WBTC
122,2025-03-28,WETH,0.1684448634581997,0.0,0.0,0.0,0.0,3.0,0.0,0.0,0.0,0.0,0.1684448634581997,0.1684448634581997,-423355.0678188131,0.0,Ethereum,radiant,WETH
123,2025-03-28,wUSDR,0.0,0.0,0.0,0.0,0.0,0.0,0.0,0.0,1.0,,0.0,0.0,-423355.0678188131,0.0,Ethereum,radiant,wUSDR
124,2025-03-29,MakerDAO,0.0,0.0,0.0,324.343347327193,0.0,0.0,0.0,0.0,2.0,,-324.343347327193,-324.343347327193,-423355.0678188131,0.0,Ethereum,radiant,MakerDAO
125,2025-03-29,Rocket Pool ETH,0.0,0.0,0.0,0.0746942864932958,0.0,0.0,0.0,0.0,1.0,,-0.0746942864932958,-0.0746942864932958,-423355.0678188131,0.0,Ethereum,radiant,Rocket Pool ETH
126,2025-03-29,WETH,0.013,0.0,0.15628248290026342,0.1455571422597236,0.0,1.0,0.0,1.0,1.0,0.0,-0.1325571422597236,0.023725340640539827,-423355.224101296,0.0,Ethereum,radiant,WETH
127,2025-03-30,MakerDAO,0.0,0.0,0.0,106.56140523913902,0.0,0.0,0.0,0.0,2.0,,-106.56140523913902,-106.56140523913902,-423355.224101296,0.0,Ethereum,radiant,MakerDAO
128,2025-03-30,Rocket Pool ETH,0.0,0.0,0.0,0.05262904365141306,0.0,0.0,0.0,0.0,2.0,,-0.05262904365141306,-0.05262904365141306,-423355.224101296,0.0,Ethereum,radiant,Rocket Pool ETH
129,2025-03-30,USDC,0.0,0.0,0.0,1.860624,0.0,0.0,0.0,0.0,1.0,,-1.860624,-1.860624,-423355.224101296,0.0,Ethereum,radiant,USDC
130,2025-03-30,USDT,0.0,0.0,0.0,1.018388,0.0,0.0,0.0,0.0,1.0,,-1.018388,-1.018388,-423355.224101296,0.0,Ethereum,radiant,USDT
131,2025-03-30,WBTC,0.0,0.0,0.0,1.486e-05,0.0,0.0,0.0,0.0,1.0,,-1.486e-05,-1.486e-05,-423355.224101296,0.0,Ethereum,radiant,WBTC
132,2025-03-30,WETH,0.12047877453770522,0.0,0.0,0.050726471724094176,0.0,3.0,0.0,0.0,1.0,0.0,0.06975230281361106,0.06975230281361106,-423355.224101296,0.0,Ethereum,radiant,WETH
133,2025-03-31,USDC,0.0,0.0,0.0,265.46837,0.0,0.0,0.0,0.0,1.0,,-265.46837,-265.46837,-423355.224101296,0.0,Ethereum,radiant,USDC
134,2025-03-31,WETH,0.14644082533214006,0.0,0.0,0.054697229357726355,0.0,1.0,0.0,0.0,2.0,0.0,0.0917435959744137,0.0917435959744137,-423355.224101296,0.0,Ethereum,radiant,WETH
135,2025-04-01,MakerDAO,0.0,0.0,0.0,10.268990997865545,0.0,0.0,0.0,0.0,1.0,,-10.268990997865545,-10.268990997865545,-423355.224101296,0.0,Ethereum,radiant,MakerDAO
136,2025-04-01,USDC,0.0,0.0,0.0,78.580435,0.0,0.0,0.0,0.0,1.0,,-78.580435,-78.580435,-423355.224101296,0.0,Ethereum,radiant,USDC
137,2025-04-01,USDT,0.0,0.0,0.0,126.94789200000001,0.0,0.0,0.0,0.0,2.0,,-126.94789200000001,-126.94789200000001,-423355.224101296,0.0,Ethereum,radiant,USDT
138,2025-04-01,WBTC,0.0,0.0,0.0,0.0001982,0.0,0.0,0.0,0.0,1.0,,-0.0001982,-0.0001982,-423355.224101296,0.0,Ethereum,radiant,WBTC
139,2025-04-01,WETH,0.05634485162442933,0.0,0.0,4.321578485273732,0.0,1.0,0.0,0.0,1.0,0.0,-4.265233633649303,-4.265233633649303,-423355.224101296,0.0,Ethereum,radiant,WETH
140,2025-04-01,wUSDR,0.0,0.0,0.0,0.0,0.0,0.0,0.0,0.0,1.0,,0.0,0.0,-423355.224101296,0.0,Ethereum,radiant,wUSDR
141,2025-04-02,WBTC,0.0,0.0,0.0,0.00151778,0.0,0.0,0.0,0.0,1.0,,-0.00151778,-0.00151778,-423355.224101296,0.0,Ethereum,radiant,WBTC
142,2025-04-02,WETH,0.06752186748084475,0.0,0.0,0.0,0.0,1.0,0.0,0.0,0.0,0.0,0.06752186748084475,0.06752186748084475,-423355.224101296,0.0,Ethereum,radiant,WETH
143,2025-04-03,USDC,6.2483539578e-08,4.6477153011e-08,0.0,0.0,12.607335222874084,14.0,12.0,0.0,0.0,0.42654972088248316,6.2483539578e-08,1.6006386567e-08,-423355.22410124954,12.607335222874084,Ethereum,radiant,USDC
144,2025-04-04,USDC,0.0,0.0,2295.335359,215.155415,0.0,0.0,0.0,2.0,1.0,,-215.155415,2080.179944,-425650.55946024955,-12.607335222874084,Ethereum,radiant,USDC
145,2025-04-04,WBTC,0.0,0.0,0.0,0.03,0.0,0.0,0.0,0.0,2.0,,-0.03,-0.03,-425650.55946024955,0.0,Ethereum,radiant,WBTC
146,2025-04-04,WETH,0.11808870690361035,0.03417563846417294,0.0,0.0,14.204624830718696,1.0,1.0,0.0,0.0,0.2244493836138999,0.11808870690361035,0.08391306843943741,-425650.5252846111,14.204624830718696,Ethereum,radiant,WETH
147,2025-04-05,USDT,0.0,0.0,0.0,105.049155,0.0,0.0,0.0,0.0,1.0,,-105.049155,-105.049155,-425650.5252846111,-14.204624830718696,Ethereum,radiant,USDT
148,2025-04-05,WBTC,0.0,0.0,0.0,0.00126834,0.0,0.0,0.0,0.0,1.0,,-0.00126834,-0.00126834,-425650.5252846111,0.0,Ethereum,radiant,WBTC
149,2025-04-05,WETH,0.11599260833173729,0.0,0.0,0.047509287089478595,0.0,2.0,0.0,0.0,1.0,0.0,0.0684833212422587,0.0684833212422587,-425650.5252846111,0.0,Ethereum,radiant,WETH
150,2025-04-06,MakerDAO,0.0,0.0,3000.0,3000.0,0.0,0.0,0.0,1.0,1.0,,-3000.0,0.0,-428650.5252846111,0.0,Ethereum,radiant,MakerDAO
151,2025-04-06,WETH,8.98143317103386,6.767712968263394,0.0,0.0,14.195757630199143,13.0,13.0,0.0,0.0,0.4297193580150103,8.98143317103386,2.2137202027704657,-428643.7575716428,14.195757630199143,Ethereum,radiant,WETH
152,2025-04-07,MakerDAO,1000.0,1000.0,0.0,113.19479895127101,47.90121396062803,1.0,1.0,0.0,1.0,0.5,886.805201048729,-113.19479895127101,-427643.7575716428,33.70545633042889,Ethereum,radiant,MakerDAO
153,2025-04-07,USDC,0.0,0.0,4991.496247,192.831716,0.0,0.0,0.0,2.0,1.0,,-192.831716,4798.664531,-432635.2538186428,-47.90121396062803,Ethereum,radiant,USDC
154,2025-04-07,WBTC,0.0,0.0,0.0,0.07524372,0.0,0.0,0.0,0.0,3.0,,-0.07524372,-0.07524372,-432635.2538186428,0.0,Ethereum,radiant,WBTC
155,2025-04-07,WETH,0.20389747855300394,0.0,0.0,0.0,0.0,2.0,0.0,0.0,0.0,0.0,0.20389747855300394,0.20389747855300394,-432635.2538186428,0.0,Ethereum,radiant,WETH
156,2025-04-07,wstETH,0.0,0.0,0.0,0.24371522079454566,0.0,0.0,0.0,0.0,1.0,,-0.24371522079454566,-0.24371522079454566,-432635.2538186428,0.0,Ethereum,radiant,wstETH
157,2025-04-08,MakerDAO,154.50090886127072,0.0,1000.7990911387293,1155.3,0.0,1.0,0.0,1.0,1.0,0.0,-1000.7990911387292,0.0,-433636.0529097815,0.0,Ethereum,radiant,MakerDAO
158,2025-04-08,WETH,0.0005,0.0,0.2,0.0,0.0,1.0,0.0,1.0,0.0,0.0,0.0005,0.2005,-433636.2529097815,0.0,Ethereum,radiant,WETH
159,2025-04-09,USDC,0.0,0.0,692.362691,0.0,0.0,0.0,0.0,1.0,0.0,,0.0,692.362691,-434328.6156007815,0.0,Ethereum,radiant,USDC
160,2025-04-09,WBTC,0.0,0.0,0.0,0.005,0.0,0.0,0.0,0.0,1.0,,-0.005,-0.005,-434328.6156007815,0.0,Ethereum,radiant,WBTC
161,2025-04-10,MakerDAO,0.0,0.0,0.0,42.680463146580145,0.0,0.0,0.0,0.0,1.0,,-42.680463146580145,-42.680463146580145,-434328.6156007815,0.0,Ethereum,radiant,MakerDAO
162,2025-04-10,Rocket Pool ETH,0.0,0.0,0.0,0.010109845585792126,0.0,0.0,0.0,0.0,1.0,,-0.010109845585792126,-0.010109845585792126,-434328.6156007815,0.0,Ethereum,radiant,Rocket Pool ETH
163,2025-04-10,USDC,0.0,0.0,0.0,23.860912,0.0,0.0,0.0,0.0,1.0,,-23.860912,-23.860912,-434328.6156007815,0.0,Ethereum,radiant,USDC
164,2025-04-10,USDT,0.0,0.0,0.0,11.464554,0.0,0.0,0.0,0.0,1.0,,-11.464554,-11.464554,-434328.6156007815,0.0,Ethereum,radiant,USDT
165,2025-04-10,WETH,0.0,0.0,0.0,0.025627726247612576,0.0,0.0,0.0,0.0,1.0,,-0.025627726247612576,-0.025627726247612576,-434328.6156007815,0.0,Ethereum,radiant,WETH
166,2025-04-11,MakerDAO,0.0,0.0,0.0,0.8404300422974909,0.0,0.0,0.0,0.0,1.0,,-0.8404300422974909,-0.8404300422974909,-434328.6156007815,0.0,Ethereum,radiant,MakerDAO
167,2025-04-11,Rocket Pool ETH,0.0,0.0,0.0,0.00011207688542611,0.0,0.0,0.0,0.0,1.0,,-0.00011207688542611,-0.00011207688542611,-434328.6156007815,0.0,Ethereum,radiant,Rocket Pool ETH
168,2025-04-11,USDC,5.5263330941e-08,4.0264150941e-08,102886.39356,135128.90675199998,12.37853725440929,13.0,12.0,3.0,6.0,0.4214928536558323,-135128.9067519447,-32242.51319198498,-537215.0091607412,12.37853725440929,Ethereum,radiant,USDC
169,2025-04-11,USDT,0.0,0.0,0.0,183.398929,0.0,0.0,0.0,0.0,2.0,,-183.398929,-183.398929,-537215.0091607412,-12.37853725440929,Ethereum,radiant,USDT
170,2025-04-11,WBTC,0.0,0.0,0.0,0.00141396,0.0,0.0,0.0,0.0,2.0,,-0.00141396,-0.00141396,-537215.0091607412,0.0,Ethereum,radiant,WBTC
171,2025-04-11,WETH,0.6393475231268094,0.0,0.0,0.13303951680056,0.0,4.0,0.0,0.0,3.0,0.0,0.5063080063262494,0.5063080063262494,-537215.0091607412,0.0,Ethereum,radiant,WETH
172,2025-04-11,wUSDR,0.0,0.0,0.0,0.0,0.0,0.0,0.0,0.0,1.0,,0.0,0.0,-537215.0091607412,0.0,Ethereum,radiant,wUSDR
173,2025-04-11,wstETH,0.0,0.0,0.0,0.000438334505534709,0.0,0.0,0.0,0.0,1.0,,-0.000438334505534709,-0.000438334505534709,-537215.0091607412,0.0,Ethereum,radiant,wstETH
174,2025-04-12,MakerDAO,0.0,0.0,0.0,0.29034950399220116,0.0,0.0,0.0,0.0,1.0,,-0.29034950399220116,-0.29034950399220116,-537215.0091607412,0.0,Ethereum,radiant,MakerDAO
175,2025-04-12,Rocket Pool ETH,0.0,0.0,0.0,0.11105957243689618,0.0,0.0,0.0,0.0,2.0,,-0.11105957243689618,-0.11105957243689618,-537215.0091607412,0.0,Ethereum,radiant,Rocket Pool ETH
176,2025-04-12,USDC,0.0,0.0,0.0,88.079693,0.0,0.0,0.0,0.0,2.0,,-88.079693,-88.079693,-537215.0091607412,0.0,Ethereum,radiant,USDC
177,2025-04-12,USDT,0.0,0.0,0.0,0.683932,0.0,0.0,0.0,0.0,1.0,,-0.683932,-0.683932,-537215.0091607412,0.0,Ethereum,radiant,USDT
178,2025-04-12,WBTC,0.0,0.0,0.0,0.02073341,0.0,0.0,0.0,0.0,2.0,,-0.02073341,-0.02073341,-537215.0091607412,0.0,Ethereum,radiant,WBTC
179,2025-04-12,WETH,0.14320140820567398,0.0,0.0,0.37657228131890486,0.0,1.0,0.0,0.0,2.0,0.0,-0.23337087311323088,-0.23337087311323088,-537215.0091607412,0.0,Ethereum,radiant,WETH
180,2025-04-12,wstETH,0.0,0.0,0.0,0.15690108993780022,0.0,0.0,0.0,0.0,3.0,,-0.15690108993780022,-0.15690108993780022,-537215.0091607412,0.0,Ethereum,radiant,wstETH
181,2025-04-13,USDC,7.076223e-12,0.0,0.0,0.0,0.0,1.0,0.0,0.0,0.0,0.0,7.076223e-12,7.076223e-12,-537215.0091607412,0.0,Ethereum,radiant,USDC
182,2025-04-13,WBTC,0.0,0.0,0.0,0.00127607,0.0,0.0,0.0,0.0,1.0,,-0.00127607,-0.00127607,-537215.0091607412,0.0,Ethereum,radiant,WBTC
183,2025-04-13,WETH,0.06596431074909236,0.0,0.0,0.0,0.0,1.0,0.0,0.0,0.0,0.0,0.06596431074909236,0.06596431074909236,-537215.0091607412,0.0,Ethereum,radiant,WETH
184,2025-04-14,MakerDAO,0.0,0.0,0.0,277.1814047613686,0.0,0.0,0.0,0.0,1.0,,-277.1814047613686,-277.1814047613686,-537215.0091607412,0.0,Ethereum,radiant,MakerDAO
185,2025-04-14,Rocket Pool ETH,0.0,0.0,0.0,0.07217318934321812,0.0,0.0,0.0,0.0,1.0,,-0.07217318934321812,-0.07217318934321812,-537215.0091607412,0.0,Ethereum,radiant,Rocket Pool ETH
186,2025-04-14,USDC,0.0,0.0,0.0,1717.230587,0.0,0.0,0.0,0.0,2.0,,-1717.230587,-1717.230587,-537215.0091607412,0.0,Ethereum,radiant,USDC
187,2025-04-14,USDT,0.0,0.0,0.0,911.74275,0.0,0.0,0.0,0.0,1.0,,-911.74275,-911.74275,-537215.0091607412,0.0,Ethereum,radiant,USDT
188,2025-04-14,WBTC,0.0,0.0,0.0,0.00440526,0.0,0.0,0.0,0.0,1.0,,-0.00440526,-0.00440526,-537215.0091607412,0.0,Ethereum,radiant,WBTC
189,2025-04-14,WETH,0.08076127031625718,0.0,0.0,0.513808677079109,0.0,1.0,0.0,0.0,1.0,0.0,-0.43304740676285186,-0.43304740676285186,-537215.0091607412,0.0,Ethereum,radiant,WETH
190,2025-04-14,wUSDR,3.6397056863495076,0.0,0.0,0.0,0.0,1.0,0.0,0.0,0.0,0.0,3.6397056863495076,3.6397056863495076,-537215.0091607412,0.0,Ethereum,radiant,wUSDR
191,2025-04-14,wstETH,0.0,0.0,0.0,0.21780645057176398,0.0,0.0,0.0,0.0,1.0,,-0.21780645057176398,-0.21780645057176398,-537215.0091607412,0.0,Ethereum,radiant,wstETH
192,2025-04-15,MakerDAO,0.0,0.0,0.0,98.80211802332857,0.0,0.0,0.0,0.0,1.0,,-98.80211802332857,-98.80211802332857,-537215.0091607412,0.0,Ethereum,radiant,MakerDAO
193,2025-04-15,USDC,5.7987463999999995e-11,3.8023229e-11,37.989038,38.02323,12.394392968828727,9.0,8.0,1.0,1.0,0.39603118998422393,-38.02322999994201,-0.034191999980031085,-537252.9981987412,12.394392968828727,Ethereum,radiant,USDC
194,2025-04-15,USDT,0.0,1e-11,0.0,104.596792,11.514321107714036,0.0,1.0,0.0,1.0,1.0,-104.596792,-104.59679200001,-537252.9981987412,-0.8800718611146916,Ethereum,radiant,USDT
195,2025-04-15,WETH,0.21073322626370072,0.011927862356988483,0.0,0.0,14.174266194732795,3.0,2.0,0.0,0.0,0.053569586095521184,0.21073322626370072,0.19880536390671225,-537252.9862708789,2.659945087018759,Ethereum,radiant,WETH
196,2025-04-15,wstETH,0.0,0.0,0.0,0.0637748679505662,0.0,0.0,0.0,0.0,1.0,,-0.0637748679505662,-0.0637748679505662,-537252.9862708789,-14.174266194732795,Ethereum,radiant,wstETH
197,2025-04-16,USDC,2.8448795900000002e-09,1.684881115e-09,0.0,685.7519380000001,12.390937341357509,14.0,12.0,0.0,2.0,0.37195808448340534,-685.7519379971552,-685.7519379988402,-537252.9862708773,12.390937341357509,Ethereum,radiant,USDC
198,2025-04-16,WETH,0.06635414734747026,0.2662738245030375,0.0,0.0,14.183967203635607,1.0,2.0,0.0,0.0,0.8005154317650361,0.06635414734747026,-0.19991967715556724,-537252.7199970528,1.7930298622780985,Ethereum,radiant,WETH
199,2025-04-17,USDC,0.0,1.23e-09,0.0,0.373524,12.473949683015176,0.0,1.0,0.0,1.0,1.0,-0.373524,-0.37352400123,-537252.7199970515,-1.7100175206204309,Ethereum,radiant,USDC
200,2025-04-18,WETH,0.0,0.0,0.0,0.02793282273352774,0.0,0.0,0.0,0.0,1.0,,-0.02793282273352774,-0.02793282273352774,-537252.7199970515,-12.473949683015176,Ethereum,radiant,WETH
201,2025-04-19,WETH,0.0011,0.03157009100743501,0.0,0.0,14.194892640727808,2.0,2.0,0.0,0.0,0.9663300601228916,0.0011,-0.030470091007435012,-537252.6884269605,14.194892640727808,Ethereum,radiant,WETH
202,2025-04-20,MakerDAO,0.0,0.0,0.0,13.81488138152368,0.0,0.0,0.0,0.0,1.0,,-13.81488138152368,-13.81488138152368,-537252.6884269605,-14.194892640727808,Ethereum,radiant,MakerDAO
203,2025-04-20,Rocket Pool ETH,0.0,0.0,0.0,0.003052215194647074,0.0,0.0,0.0,0.0,1.0,,-0.003052215194647074,-0.003052215194647074,-537252.6884269605,0.0,Ethereum,radiant,Rocket Pool ETH
204,2025-04-20,USDC,0.0,0.0,0.0,314.668595,0.0,0.0,0.0,0.0,3.0,,-314.668595,-314.668595,-537252.6884269605,0.0,Ethereum,radiant,USDC
205,2025-04-20,USDT,0.0,0.0,0.0,83.999618,0.0,0.0,0.0,0.0,2.0,,-83.999618,-83.999618,-537252.6884269605,0.0,Ethereum,radiant,USDT
206,2025-04-20,WBTC,0.0,0.0,0.0,0.00061834,0.0,0.0,0.0,0.0,1.0,,-0.00061834,-0.00061834,-537252.6884269605,0.0,Ethereum,radiant,WBTC
207,2025-04-20,WETH,0.20559022881517375,0.0,0.0,0.0691295494790608,0.0,3.0,0.0,0.0,1.0,0.0,0.13646067933611294,0.13646067933611294,-537252.6884269605,0.0,Ethereum,radiant,WETH
208,2025-04-20,wUSDR,0.0,0.0,0.0,0.0,0.0,0.0,0.0,0.0,1.0,,0.0,0.0,-537252.6884269605,0.0,Ethereum,radiant,wUSDR
209,2025-04-20,wstETH,0.0,0.0,0.0,0.10483492759865583,0.0,0.0,0.0,0.0,2.0,,-0.10483492759865583,-0.10483492759865583,-537252.6884269605,0.0,Ethereum,radiant,wstETH
210,2025-04-21,Rocket Pool ETH,0.0,0.0,0.0,0.058524289730193024,0.0,0.0,0.0,0.0,1.0,,-0.058524289730193024,-0.058524289730193024,-537252.6884269605,0.0,Ethereum,radiant,Rocket Pool ETH
211,2025-04-21,USDT,0.0,0.0,0.0,157.83807,0.0,0.0,0.0,0.0,1.0,,-157.83807,-157.83807,-537252.6884269605,0.0,Ethereum,radiant,USDT
212,2025-04-21,WBTC,0.0,0.0,0.0,0.00261312,0.0,0.0,0.0,0.0,1.0,,-0.00261312,-0.00261312,-537252.6884269605,0.0,Ethereum,radiant,WBTC
213,2025-04-21,WETH,0.30664878303295756,0.07992639111156562,0.0,0.0,14.17848183637272,6.0,5.0,0.0,0.0,0.206755106011243,0.30664878303295756,0.22672239192139193,-537252.6085005694,14.17848183637272,Ethereum,radiant,WETH
214,2025-04-22,USDT,0.0,0.0,0.0,1739.069061,0.0,0.0,0.0,0.0,1.0,,-1739.069061,-1739.069061,-537252.6085005694,-14.17848183637272,Ethereum,radiant,USDT
215,2025-04-22,WETH,0.0,0.0,0.11144670760143188,0.0,0.0,0.0,0.0,1.0,0.0,,0.0,0.11144670760143188,-537252.719947277,0.0,Ethereum,radiant,WETH
216,2025-04-24,MakerDAO,0.0,0.0,0.0,10.956798612126587,0.0,0.0,0.0,0.0,1.0,,-10.956798612126587,-10.956798612126587,-537252.719947277,0.0,Ethereum,radiant,MakerDAO
217,2025-04-24,USDC,8.418347640800001e-08,5.7981582154e-08,0.0,5554.160287,12.193579240874781,14.0,12.0,0.0,2.0,0.4078469262453368,-5554.160286915816,-5554.160286973798,-537252.719947219,12.193579240874781,Ethereum,radiant,USDC
218,2025-04-24,USDT,0.0,0.0,0.0,25.975908,0.0,0.0,0.0,0.0,1.0,,-25.975908,-25.975908,-537252.719947219,-12.193579240874781,Ethereum,radiant,USDT
219,2025-04-24,WBTC,0.0,0.0,0.0,0.00031565,0.0,0.0,0.0,0.0,1.0,,-0.00031565,-0.00031565,-537252.719947219,0.0,Ethereum,radiant,WBTC
220,2025-04-24,WETH,0.0,0.12141732621912263,0.0,0.17604722083844165,14.185866984801422,0.0,1.0,0.0,2.0,1.0,-0.17604722083844165,-0.2974645470575643,-537252.5985298927,14.185866984801422,Ethereum,radiant,WETH
221,2025-04-24,wstETH,0.0,0.0,0.0,0.008693388574188563,0.0,0.0,0.0,0.0,1.0,,-0.008693388574188563,-0.008693388574188563,-537252.5985298927,-14.185866984801422,Ethereum,radiant,wstETH
222,2025-04-25,MakerDAO,0.0,0.0,0.0,241.75988613943224,0.0,0.0,0.0,0.0,2.0,,-241.75988613943224,-241.75988613943224,-537252.5985298927,0.0,Ethereum,radiant,MakerDAO
223,2025-04-25,Rocket Pool ETH,0.0,0.0,0.0,0.027336284404735373,0.0,0.0,0.0,0.0,1.0,,-0.027336284404735373,-0.027336284404735373,-537252.5985298927,0.0,Ethereum,radiant,Rocket Pool ETH
224,2025-04-25,USDC,1.2551178e-11,0.0,0.0,281.97528,0.0,1.0,0.0,0.0,2.0,0.0,-281.97527999998744,-281.97527999998744,-537252.5985298927,0.0,Ethereum,radiant,USDC
225,2025-04-25,USDT,0.0,0.0,21000.0,31520.1572,0.0,0.0,0.0,1.0,3.0,,-31520.1572,-10520.157200000001,-558252.5985298927,0.0,Ethereum,radiant,USDT
226,2025-04-25,WBTC,0.0,0.0,0.0,0.0066587700000000005,0.0,0.0,0.0,0.0,2.0,,-0.0066587700000000005,-0.0066587700000000005,-558252.5985298927,0.0,Ethereum,radiant,WBTC
227,2025-04-25,WETH,0.5220336400414919,0.00116,0.0,0.1359096298528397,14.177481979927345,9.0,4.0,0.0,1.0,0.0022171523337095726,0.38612401018865217,0.3849640101886521,-558252.5973698928,14.177481979927345,Ethereum,radiant,WETH
228,2025-04-25,wstETH,0.0,0.0,0.0,0.21201186416900986,0.0,0.0,0.0,0.0,2.0,,-0.21201186416900986,-0.21201186416900986,-558252.5973698928,-14.177481979927345,Ethereum,radiant,wstETH
229,2025-04-26,USDC,1e-09,0.0,28832.184205,40832.184205,0.0,1.0,0.0,1.0,3.0,0.0,-40832.184204999,-11999.999999998996,-587084.7815748928,0.0,Ethereum,radiant,USDC
230,2025-04-26,WBTC,0.0,0.0,0.2876408,0.3876408,0.0,0.0,0.0,1.0,2.0,,-0.3876408,-0.10000000000000003,-587085.0692156928,0.0,Ethereum,radiant,WBTC
231,2025-04-26,WETH,0.0001,0.075974743963325,0.0,0.0,14.182943198505473,1.0,2.0,0.0,0.0,0.9986855032985952,0.0001,-0.075874743963325,-587084.9932409489,14.182943198505473,Ethereum,radiant,WETH
232,2025-04-26,wstETH,22.648831474781037,16.848831474781036,0.0,0.0,10.504805952833701,13.0,12.0,0.0,0.0,0.42657793440327707,22.648831474781037,5.800000000000001,-587068.1444094741,-3.6781372456717722,Ethereum,radiant,wstETH
233,2025-04-27,MakerDAO,0.0,0.0,0.0,9.22949402207835,0.0,0.0,0.0,0.0,1.0,,-9.22949402207835,-9.22949402207835,-587068.1444094741,-10.504805952833701,Ethereum,radiant,MakerDAO
234,2025-04-27,USDC,2.51e-08,0.0,0.0,14.243174,0.0,1.0,0.0,0.0,2.0,0.0,-14.2431739749,-14.2431739749,-587068.1444094741,0.0,Ethereum,radiant,USDC
235,2025-04-27,USDT,0.0,0.0,0.0,3.247443,0.0,0.0,0.0,0.0,1.0,,-3.247443,-3.247443,-587068.1444094741,0.0,Ethereum,radiant,USDT
236,2025-04-27,WBTC,0.0,0.0,0.0,4.807e-05,0.0,0.0,0.0,0.0,1.0,,-4.807e-05,-4.807e-05,-587068.1444094741,0.0,Ethereum,radiant,WBTC
237,2025-04-27,WETH,0.0,0.051034888446042,0.014920421761025884,0.03873513276565313,14.186507678982327,0.0,1.0,1.0,2.0,1.0,-0.03873513276565313,-0.07484959945066924,-587068.1082950074,14.186507678982327,Ethereum,radiant,WETH
238,2025-04-27,wstETH,0.0,0.0,0.0,0.016239102827860015,0.0,0.0,0.0,0.0,1.0,,-0.016239102827860015,-0.016239102827860015,-587068.1082950074,-14.186507678982327,Ethereum,radiant,wstETH
239,2025-04-28,MakerDAO,0.0,0.0,0.0,42.745713246106675,0.0,0.0,0.0,0.0,1.0,,-42.745713246106675,-42.745713246106675,-587068.1082950074,0.0,Ethereum,radiant,MakerDAO
240,2025-04-28,Rocket Pool ETH,0.0,0.0,0.0,0.009883362937839278,0.0,0.0,0.0,0.0,1.0,,-0.009883362937839278,-0.009883362937839278,-587068.1082950074,0.0,Ethereum,radiant,Rocket Pool ETH
241,2025-04-28,USDC,0.0,0.0,0.0,188.925886,0.0,0.0,0.0,0.0,2.0,,-188.925886,-188.925886,-587068.1082950074,0.0,Ethereum,radiant,USDC
242,2025-04-28,USDT,0.0,0.0,0.0,18.637688,0.0,0.0,0.0,0.0,1.0,,-18.637688,-18.637688,-587068.1082950074,0.0,Ethereum,radiant,USDT
243,2025-04-28,WBTC,0.0,0.0,0.0,0.00022374,0.0,0.0,0.0,0.0,1.0,,-0.00022374,-0.00022374,-587068.1082950074,0.0,Ethereum,radiant,WBTC
244,2025-04-28,WETH,0.15250957118472686,0.0,0.0,0.0,0.0,2.0,0.0,0.0,0.0,0.0,0.15250957118472686,0.15250957118472686,-587068.1082950074,0.0,Ethereum,radiant,WETH
245,2025-04-28,wstETH,0.0,0.0,0.0,0.0636335375049167,0.0,0.0,0.0,0.0,2.0,,-0.0636335375049167,-0.0636335375049167,-587068.1082950074,0.0,Ethereum,radiant,wstETH
246,2025-04-29,WBTC,0.0,0.0,0.0,0.00109872,0.0,0.0,0.0,0.0,1.0,,-0.00109872,-0.00109872,-587068.1082950074,0.0,Ethereum,radiant,WBTC
247,2025-04-29,WETH,3.9627503939328834,3.0085892131909437,0.0,0.0,14.179216626933995,14.0,14.0,0.0,0.0,0.43156543544608644,3.9627503939328834,0.9541611807419397,-587065.0997057941,14.179216626933995,Ethereum,radiant,WETH
248,2025-05-01,MakerDAO,240.55285970122267,0.0,0.0,0.0,0.0,1.0,0.0,0.0,0.0,0.0,240.55285970122267,240.55285970122267,-587065.0997057941,-14.179216626933995,Ethereum,radiant,MakerDAO
249,2025-05-01,WBTC,1.089357e-12,0.0,0.0,0.0,0.0,1.0,0.0,0.0,0.0,0.0,1.089357e-12,1.089357e-12,-587065.0997057941,0.0,Ethereum,radiant,WBTC
250,2025-05-01,WETH,0.0,0.05457205691728275,0.0,0.0,14.183666151120422,0.0,1.0,0.0,0.0,1.0,0.0,-0.05457205691728275,-587065.0451337373,14.183666151120422,Ethereum,radiant,WETH
251,2025-05-02,MakerDAO,200.93632832993228,0.0,0.0,88.89838215618005,0.0,1.0,0.0,0.0,1.0,0.0,112.03794617375223,112.03794617375223,-587065.0451337373,-14.183666151120422,Ethereum,radiant,MakerDAO
252,2025-05-02,WETH,0.05371735645436042,0.0002,0.0,1.432500096134853,14.20659966512295,2.0,1.0,0.0,2.0,0.0037093806735368157,-1.3787827396804926,-1.3789827396804926,-587065.0449337373,14.20659966512295,Ethereum,radiant,WETH
253,2025-05-02,wstETH,0.0,0.0,0.0,0.000264006207337163,0.0,0.0,0.0,0.0,1.0,,-0.000264006207337163,-0.000264006207337163,-587065.0449337373,-14.20659966512295,Ethereum,radiant,wstETH
254,2025-05-03,MakerDAO,17290.85080243503,6000.0,0.0,0.0,13.031003527757509,1.0,1.0,0.0,0.0,0.25761188592443807,17290.85080243503,11290.85080243503,-581065.0449337373,13.031003527757509,Ethereum,radiant,MakerDAO
255,2025-05-03,USDC,0.0,4.416340792e-09,0.0,10005.0,11.892416854186298,0.0,1.0,0.0,1.0,1.0,-10005.0,-10005.000000004417,-581065.0449337328,-1.1385866735712113,Ethereum,radiant,USDC
256,2025-05-03,USDT,0.0,4e-09,0.0,0.0,12.67578507584195,0.0,1.0,0.0,0.0,1.0,0.0,-4e-09,-581065.0449337289,0.7833682216556532,Ethereum,radiant,USDT
257,2025-05-03,WETH,0.1786271505056653,0.0,0.0,0.2,0.0,1.0,0.0,0.0,1.0,0.0,-0.02137284949433471,-0.02137284949433471,-581065.0449337289,-12.67578507584195,Ethereum,radiant,WETH
258,2025-05-03,wstETH,0.0,0.0,0.0,0.14891933624774284,0.0,0.0,0.0,0.0,1.0,,-0.14891933624774284,-0.14891933624774284,-581065.0449337289,0.0,Ethereum,radiant,wstETH
259,2025-05-04,MakerDAO,0.0,1781.8862355109804,0.0,0.0,13.835343836144416,0.0,2.0,0.0,0.0,1.0,0.0,-1781.8862355109804,-579283.158698218,13.835343836144416,Ethereum,radiant,MakerDAO
260,2025-05-04,USDC,0.0,0.0,1030.82436,327.65831,0.0,0.0,0.0,1.0,2.0,,-327.65831,703.16605,-580313.9830582179,-13.835343836144416,Ethereum,radiant,USDC
261,2025-05-04,USDT,0.0,0.0,1000.0,224.33311400000002,0.0,0.0,0.0,1.0,2.0,,-224.33311400000002,775.666886,-581313.9830582179,0.0,Ethereum,radiant,USDT
262,2025-05-04,WETH,0.4349192939229368,0.00847999999541122,0.0,0.13226060299132958,14.232314066178242,3.0,1.0,0.0,2.0,0.01912497406225643,0.30265869093160724,0.29417869093619603,-581313.974578218,14.232314066178242,Ethereum,radiant,WETH
263,2025-05-05,MakerDAO,12501.981249853061,12394.542694091797,10000.0,10000.0,29.744815255041086,13.0,12.0,1.0,1.0,0.49784229806532104,2501.981249853061,107.43855576126225,-578919.4318841262,15.512501188862844,Ethereum,radiant,MakerDAO
264,2025-05-05,Rocket Pool ETH,0.050938004564406496,0.0,0.0,0.0,0.0,1.0,0.0,0.0,0.0,0.0,0.050938004564406496,0.050938004564406496,-578919.4318841262,-29.744815255041086,Ethereum,radiant,Rocket Pool ETH
265,2025-05-05,USDC,1.3169201599e-08,1.3169201599e-08,22511.006992,22511.006992,11.751518630053651,12.0,12.0,1.0,1.0,0.5,-22511.00699198683,0.0,-601430.438876113,11.751518630053651,Ethereum,radiant,USDC
266,2025-05-05,USDT,2.7314764e-11,0.0,0.0,0.0,0.0,1.0,0.0,0.0,0.0,0.0,2.7314764e-11,2.7314764e-11,-601430.438876113,-11.751518630053651,Ethereum,radiant,USDT
267,2025-05-05,WETH,0.0,0.0,0.0,0.03047075302161122,0.0,0.0,0.0,0.0,1.0,,-0.03047075302161122,-0.03047075302161122,-601430.438876113,0.0,Ethereum,radiant,WETH
268,2025-05-05,wUSDR,0.051572503999390534,0.0,0.0,0.0,0.0,1.0,0.0,0.0,0.0,0.0,0.051572503999390534,0.051572503999390534,-601430.438876113,0.0,Ethereum,radiant,wUSDR
269,2025-05-05,wstETH,0.046,0.046,0.0,0.0,10.67021982811408,1.0,1.0,0.0,0.0,0.5,0.046,0.0,-601430.3928761131,10.67021982811408,Ethereum,radiant,wstETH
270,2025-05-06,USDC,0.0,0.0,0.0,12520.0,0.0,0.0,0.0,0.0,1.0,,-12520.0,-12520.0,-601430.3928761131,-10.67021982811408,Ethereum,radiant,USDC
271,2025-05-06,WETH,0.09324963064286526,0.0,0.0,0.0,0.0,1.0,0.0,0.0,0.0,0.0,0.09324963064286526,0.09324963064286526,-601430.3928761131,0.0,Ethereum,radiant,WETH
272,2025-05-06,wstETH,0.0,0.0,0.0,0.07773335858468698,0.0,0.0,0.0,0.0,1.0,,-0.07773335858468698,-0.07773335858468698,-601430.3928761131,0.0,Ethereum,radiant,wstETH
273,2025-05-07,MakerDAO,0.0,0.0,0.0,0.3324103612814975,0.0,0.0,0.0,0.0,1.0,,-0.3324103612814975,-0.3324103612814975,-601430.3928761131,0.0,Ethereum,radiant,MakerDAO
274,2025-05-07,Rocket Pool ETH,0.0,0.0,0.0,7.9216885728773e-05,0.0,0.0,0.0,0.0,1.0,,-7.9216885728773e-05,-7.9216885728773e-05,-601430.3928761131,0.0,Ethereum,radiant,Rocket Pool ETH
275,2025-05-08,USDC,0.0,0.0,0.0,15792.365168,0.0,0.0,0.0,0.0,1.0,,-15792.365168,-15792.365168,-601430.3928761131,0.0,Ethereum,radiant,USDC
276,2025-05-08,USDT,1.592858674e-09,0.0,14276.857952,0.0,0.0,1.0,0.0,1.0,0.0,0.0,1.592858674e-09,14276.857952001594,-615707.250828113,0.0,Ethereum,radiant,USDT
277,2025-05-08,WETH,0.0,0.0,0.0,0.9588484486328811,0.0,0.0,0.0,0.0,1.0,,-0.9588484486328811,-0.9588484486328811,-615707.250828113,0.0,Ethereum,radiant,WETH
278,2025-05-08,wstETH,0.0,0.0,44.007180761930975,44.1,0.0,0.0,0.0,1.0,1.0,,-44.1,-0.09281923806902626,-615751.258008875,0.0,Ethereum,radiant,wstETH
279,2025-05-09,MakerDAO,35629.164295978655,15938.264780163505,0.0,0.0,25.877715263738832,3.0,1.0,0.0,0.0,0.30907619529819447,35629.164295978655,19690.899515815152,-599812.9932287114,25.877715263738832,Ethereum,radiant,MakerDAO
280,2025-05-09,USDC,3e-08,0.0,0.0,0.0,0.0,3.0,0.0,0.0,0.0,0.0,3e-08,3e-08,-599812.9932287114,-25.877715263738832,Ethereum,radiant,USDC
281,2025-05-09,WETH,0.0,0.0,0.24,0.0,0.0,0.0,0.0,1.0,0.0,,0.0,0.24,-599813.2332287114,0.0,Ethereum,radiant,WETH
282,2025-05-09,wstETH,15.888631122071022,15.88863112207102,0.0,0.0,8.986014354643094,8.0,8.0,0.0,0.0,0.49999999999999994,15.888631122071022,1.7763568394002505e-15,-599797.3445975893,8.986014354643094,Ethereum,radiant,wstETH
283,2025-05-10,Rocket Pool ETH,0.0,0.0,0.0,0.04334807419985536,0.0,0.0,0.0,0.0,1.0,,-0.04334807419985536,-0.04334807419985536,-599797.3445975893,-8.986014354643094,Ethereum,radiant,Rocket Pool ETH
284,2025-05-10,USDC,3.903799452e-08,2.9040994519999998e-08,0.0,0.0,11.623193919176117,13.0,12.0,0.0,0.0,0.4265779343893736,3.903799452e-08,9.997e-09,-599797.3445975604,11.623193919176117,Ethereum,radiant,USDC
285,2025-05-10,USDT,5.0752907352e-08,3.7755907352000004e-08,0.0,0.0,10.794251386189869,13.0,12.0,0.0,0.0,0.42657793439294234,5.0752907352e-08,1.2996999999999994e-08,-599797.3445975226,-0.8289425329862485,Ethereum,radiant,USDT
286,2025-05-10,WBTC,2.12202e-13,0.0,0.0,0.0,0.0,1.0,0.0,0.0,0.0,0.0,2.12202e-13,2.12202e-13,-599797.3445975226,-10.794251386189869,Ethereum,radiant,WBTC
287,2025-05-10,WETH,0.04900330301169687,0.080640591035928,0.0,0.4652031982794324,14.254551244752475,1.0,1.0,0.0,1.0,0.6220161128938673,-0.41619989526773554,-0.4968404863036635,-599797.2639569317,14.254551244752475,Ethereum,radiant,WETH
288,2025-05-11,USDC,1e-08,0.0,0.0,3000.0,0.0,1.0,0.0,0.0,1.0,0.0,-2999.99999999,-2999.99999999,-599797.2639569317,-14.254551244752475,Ethereum,radiant,USDC
289,2025-05-11,WBTC,0.0,0.0,0.0,0.00218249,0.0,0.0,0.0,0.0,1.0,,-0.00218249,-0.00218249,-599797.2639569317,0.0,Ethereum,radiant,WBTC
290,2025-05-11,WETH,0.708228612664207,0.0,0.0,0.0,0.0,2.0,0.0,0.0,0.0,0.0,0.708228612664207,0.708228612664207,-599797.2639569317,0.0,Ethereum,radiant,WETH
291,2025-05-11,wstETH,7.5232553366004,9.5232553366004,0.0,0.0,9.665979355007385,1.0,2.0,0.0,0.0,0.5586630319348652,7.5232553366004,-2.0,-599787.7407015951,9.665979355007385,Ethereum,radiant,wstETH
292,2025-05-12,USDC,0.0,0.0,0.0,209.252794,0.0,0.0,0.0,0.0,2.0,,-209.252794,-209.252794,-599787.7407015951,-9.665979355007385,Ethereum,radiant,USDC
293,2025-05-12,WETH,0.04149077713907408,0.0864721530375045,0.0,0.0,14.249128710929964,1.0,1.0,0.0,0.0,0.6757594009310343,0.04149077713907408,-0.04498137589843042,-599787.654229442,14.249128710929964,Ethereum,radiant,WETH
294,2025-05-12,wUSDR,0.0,0.0,0.0,0.0,0.0,0.0,0.0,2.0,3.0,,0.0,0.0,-599787.654229442,-14.249128710929964,Ethereum,radiant,wUSDR
295,2025-05-13,LINK,38.6780007021783,13.0,0.0,0.0,7.469075020535356,2.0,1.0,0.0,0.0,0.2515577194040332,38.6780007021783,25.678000702178302,-599774.654229442,7.469075020535356,Ethereum,radiant,LINK
296,2025-05-13,WETH,0.48,0.0345622846817835,0.0,0.0,14.252238709553245,1.0,1.0,0.0,0.0,0.06716832094127842,0.48,0.44543771531821647,-599774.6196671573,6.783163689017889,Ethereum,radiant,WETH
297,2025-05-13,rsETH,527.9341293789462,228.68823797202376,0.0,0.0,9.626126747670382,2.0,1.0,0.0,0.0,0.3022488467697433,527.9341293789462,299.2458914069224,-599545.9314291853,-4.626111961882863,Ethereum,radiant,rsETH
298,2025-05-14,MakerDAO,0.0,0.0,0.0,1455.0116759125542,0.0,0.0,0.0,0.0,2.0,,-1455.0116759125542,-1455.0116759125542,-599545.9314291853,-9.626126747670382,Ethereum,radiant,MakerDAO
299,2025-05-14,Rocket Pool ETH,0.0,0.0,0.0,0.010219049923718446,0.0,0.0,0.0,0.0,1.0,,-0.010219049923718446,-0.010219049923718446,-599545.9314291853,0.0,Ethereum,radiant,Rocket Pool ETH
300,2025-05-14,USDC,5.341358615e-09,0.0,0.0,0.0,0.0,1.0,0.0,0.0,0.0,0.0,5.341358615e-09,5.341358615e-09,-599545.9314291853,0.0,Ethereum,radiant,USDC
301,2025-05-14,rsETH,6264.170993740165,2484.84013051476,0.0,0.0,111.35647492931982,15.0,11.0,0.0,0.0,0.28401382684564497,6264.170993740165,3779.3308632254048,-597061.0912986705,111.35647492931982,Ethereum,radiant,rsETH
302,2025-05-15,LINK,54.15135506717626,34.531355067176264,0.0,0.0,35.35355020725062,8.0,7.0,0.0,0.0,0.3893809178233497,54.15135506717626,19.619999999999997,-597026.5599436034,-76.0029247220692,Ethereum,radiant,LINK
303,2025-05-15,MakerDAO,980.3699909799989,0.0,0.0,0.0,0.0,1.0,0.0,0.0,0.0,0.0,980.3699909799989,980.3699909799989,-597026.5599436034,-35.35355020725062,Ethereum,radiant,MakerDAO
304,2025-05-15,USDC,0.0,0.0,0.0,8000.0,0.0,0.0,0.0,0.0,1.0,,-8000.0,-8000.0,-597026.5599436034,0.0,Ethereum,radiant,USDC
305,2025-05-15,WETH,0.0,0.0799208921232225,0.0,0.0,14.237412295685054,0.0,1.0,0.0,0.0,1.0,0.0,-0.0799208921232225,-597026.4800227112,14.237412295685054,Ethereum,radiant,WETH
306,2025-05-15,rsETH,4078.5767546323273,4078.5767546323273,0.0,0.0,310.0,1.0,1.0,1.0,1.0,0.5,4078.5767546323273,0.0,-592947.9032680789,295.76258770431497,Ethereum,radiant,rsETH
307,2025-05-15,wUSDR,5.630588445715531,0.0,0.0,0.0,0.0,1.0,0.0,0.0,1.0,0.0,5.630588445715531,5.630588445715531,-592947.9032680789,-310.0,Ethereum,radiant,wUSDR
308,2025-05-16,MakerDAO,25075.756515211546,16442.542021782603,4316.553636279316,0.0,13.234993511889405,9.0,8.0,1.0,0.0,0.3960312103621435,25075.756515211546,12949.76812970826,-580821.9148825756,13.234993511889405,Ethereum,radiant,MakerDAO
309,2025-05-16,USDC,3.9065947002e-08,3.2307845557e-08,0.0,0.0,11.4402447837642,14.0,13.0,0.0,0.0,0.4526569823271369,3.9065947002e-08,6.758101444999998e-09,-580821.9148825433,-1.7947487281252048,Ethereum,radiant,USDC
310,2025-05-16,USDT,0.0,5e-09,0.0,0.0,11.25634182442489,0.0,1.0,0.0,0.0,1.0,0.0,-5e-09,-580821.9148825383,-0.18390295933931,Ethereum,radiant,USDT
311,2025-05-16,WETH,0.01,0.03186555355976212,0.0,0.0,14.2403318110843,1.0,1.0,0.0,0.0,0.7611401462606907,0.01,-0.02186555355976212,-580821.8830169847,2.9839899866594095,Ethereum,radiant,WETH
312,2025-05-16,rsETH,0.0,0.0,0.0,0.0,0.0,0.0,0.0,1.0,1.0,,0.0,0.0,-580821.8830169847,-14.2403318110843,Ethereum,radiant,rsETH
313,2025-05-16,wstETH,12.988337659036223,9.662234124454715,0.0,0.0,10.098092690616115,13.0,12.0,0.0,0.0,0.426577934403277,12.988337659036223,3.3261035345815078,-580812.2207828602,10.098092690616115,Ethereum,radiant,wstETH
314,2025-05-17,LINK,855.8718156015387,431.2602906015388,200.0,200.0,30.209783834146183,8.0,7.0,2.0,2.0,0.3350551886035361,655.8718156015387,424.61152500000003,-580580.9604922587,20.111691143530066,Ethereum,radiant,LINK
315,2025-05-17,MakerDAO,6200.0,5953.991461767934,13939.236158841373,23637.325824716423,12.038854413172844,1.0,2.0,2.0,4.0,0.4898795165766769,-17437.325824716423,-9452.081127642985,-588566.2051893321,-18.170929420973337,Ethereum,radiant,MakerDAO
316,2025-05-17,USDC,0.0,0.0,0.0,4772.276678,0.0,0.0,0.0,0.0,2.0,,-4772.276678,-4772.276678,-588566.2051893321,-12.038854413172844,Ethereum,radiant,USDC
317,2025-05-17,USDT,0.0,0.0,0.0,420.511314,0.0,0.0,0.0,0.0,1.0,,-420.511314,-420.511314,-588566.2051893321,0.0,Ethereum,radiant,USDT
318,2025-05-17,WETH,1.1,0.0,0.0,0.001766657470952598,0.0,1.0,0.0,0.0,1.0,0.0,1.0982333425290476,1.0982333425290476,-588566.2051893321,0.0,Ethereum,radiant,WETH
319,2025-05-17,rsETH,1988.070691,2000.0,0.0,0.0,122.03812720122515,2.0,1.0,2.0,2.0,0.501495624065406,1988.070691,-11.929309000000103,-586566.2051893321,122.03812720122515,Ethereum,radiant,rsETH
320,2025-05-17,wUSDR,0.0,0.0,0.0,0.0,0.0,0.0,0.0,0.0,1.0,,0.0,0.0,-586566.2051893321,-122.03812720122515,Ethereum,radiant,wUSDR
321,2025-05-17,wstETH,0.0,0.0,7.771974040587628,6.505850000000001,0.0,0.0,0.0,3.0,2.0,,-6.505850000000001,1.266124040587627,-586573.9771633727,0.0,Ethereum,radiant,wstETH
322,2025-05-18,MakerDAO,7000.0,7000.0,0.0,0.0,14.61601826403369,1.0,1.0,0.0,0.0,0.5,7000.0,0.0,-579573.9771633727,14.61601826403369,Ethereum,radiant,MakerDAO
323,2025-05-18,USDC,2.205457e-12,0.0,0.0,0.551365,0.0,3.0,0.0,0.0,1.0,0.0,-0.5513649999977945,-0.5513649999977945,-579573.9771633727,-14.61601826403369,Ethereum,radiant,USDC
324,2025-05-18,USDT,1e-12,0.0,0.0,0.31,0.0,1.0,0.0,0.0,1.0,0.0,-0.309999999999,-0.309999999999,-579573.9771633727,0.0,Ethereum,radiant,USDT
325,2025-05-18,WBTC,0.0,0.0,0.26,0.35020984,0.0,0.0,0.0,1.0,1.0,,-0.35020984,-0.09020983999999999,-579574.2371633727,0.0,Ethereum,radiant,WBTC
326,2025-05-18,WETH,0.08903218761000001,0.012750893551688017,0.0,0.0,14.18669618924053,3.0,3.0,0.0,0.0,0.12527517742789218,0.08903218761000001,0.076281294058312,-579574.2244124791,14.18669618924053,Ethereum,radiant,WETH
327,2025-05-18,rsETH,15493.178367614746,15493.178367614746,0.0,0.0,222.1143613637797,12.0,12.0,2.0,2.0,0.5,15493.178367614746,0.0,-564081.0460448643,207.92766517453916,Ethereum,radiant,rsETH
328,2025-05-18,wUSDR,2.716708299229598,0.0,0.0,0.0,0.0,1.0,0.0,0.0,1.0,0.0,2.716708299229598,2.716708299229598,-564081.0460448643,-222.1143613637797,Ethereum,radiant,wUSDR
329,2025-05-18,wstETH,12.923091210196686,6.971930265426636,0.0,0.0,9.950873122299656,14.0,12.0,0.0,0.0,0.35043592558917813,12.923091210196686,5.95116094477005,-564074.0741145989,9.950873122299656,Ethereum,radiant,wstETH
330,2025-05-19,LINK,0.0,0.0,34.62985067103163,54.21575380235674,0.0,0.0,0.0,1.0,1.0,,-54.21575380235674,-19.585903131325104,-564108.70396527,-9.950873122299656,Ethereum,radiant,LINK
331,2025-05-19,WBTC,0.0,0.0,0.0,0.00122231,0.0,0.0,0.0,0.0,1.0,,-0.00122231,-0.00122231,-564108.70396527,0.0,Ethereum,radiant,WBTC
332,2025-05-19,WETH,0.051835539487294253,0.0,0.0,0.031651567519478306,0.0,1.0,0.0,0.0,1.0,0.0,0.020183971967815947,0.020183971967815947,-564108.70396527,0.0,Ethereum,radiant,WETH
333,2025-05-19,wstETH,9.622592480850434,9.622592480850434,0.0,0.0,10.302999625545388,12.0,12.0,0.0,0.0,0.5,9.622592480850434,0.0,-564099.0813727891,10.302999625545388,Ethereum,radiant,wstETH
334,2025-05-20,WETH,0.019791375058889386,0.013381317933253445,10.0,10.019011238340367,14.055066286003818,14.0,13.0,1.0,2.0,0.4033835280247792,-9.999219863281478,-0.012601181214732193,-564109.0679914712,3.7520666604584303,Ethereum,radiant,WETH
335,2025-05-20,rsETH,0.0,0.0,0.0,0.0,0.0,0.0,0.0,3.0,4.0,,0.0,0.0,-564109.0679914712,-14.055066286003818,Ethereum,radiant,rsETH
336,2025-05-21,PYUSD,0.005620726359409118,0.000702301632381867,0.0,0.0,2.7766345386470532,2.0,1.0,0.0,0.0,0.111070460749762,0.005620726359409118,0.004918424727027251,-564109.0672891695,2.7766345386470532,Ethereum,radiant,PYUSD
337,2025-05-21,UNI,1784.02206246429,1076.6011383747518,0.0,0.0,81.1840715389699,10.0,8.0,1.0,1.0,0.3763519564754201,1784.02206246429,707.4209240895382,-563032.4661507948,78.40743700032284,Ethereum,radiant,UNI
338,2025-05-21,USDC,4.0914350406e-08,3.2915741583e-08,72900.36292399999,85900.36292399999,11.508687469609209,26.0,24.0,2.0,4.0,0.4458309707633053,-85900.36292395907,-12999.999999991996,-635932.8290747618,-69.67538406936069,Ethereum,radiant,USDC
339,2025-05-21,rETH,1252.9310539388323,182.0,0.0,0.0,1.6341681320478776,2.0,1.0,0.0,0.0,0.12683536222901914,1252.9310539388323,1070.9310539388323,-635750.8290747618,-9.874519337561331,Ethereum,radiant,rETH
340,2025-05-21,wstETH,6.692808424341258,6.692808424341258,5.5,0.0,10.199918848994242,12.0,12.0,1.0,0.0,0.5,6.692808424341258,5.500000000000001,-635749.6362663375,8.565750716946365,Ethereum,radiant,wstETH
341,2025-05-22,USDC,0.0,2e-08,0.0,0.0,12.494886864111624,0.0,1.0,0.0,0.0,1.0,0.0,-2e-08,-635749.6362663175,2.294968015117382,Ethereum,radiant,USDC
342,2025-05-22,USDT,0.0,1.462719594e-09,0.0,1597.553121,11.421377014047222,0.0,1.0,0.0,1.0,1.0,-1597.553121,-1597.5531210014626,-635749.6362663159,-1.0735098500644025,Ethereum,radiant,USDT
343,2025-05-23,PYUSD,0.01690798067861205,0.008296512958770246,0.0,0.0,8.685008140110872,5.0,4.0,0.0,0.0,0.3291680078216366,0.01690798067861205,0.008611467719841805,-635749.6279698029,-2.7363688739363496,Ethereum,radiant,PYUSD
344,2025-05-23,USDC,0.0,1.2146990079e-08,0.0,0.0,13.11161768512849,0.0,1.0,0.0,0.0,1.0,0.0,-1.2146990079e-08,-635749.6279697908,4.426609545017618,Ethereum,radiant,USDC
345,2025-05-23,WETH,39.04970943927765,32.00391201590484,0.04088901888346898,0.0,14.079233054445687,13.0,22.0,1.0,0.0,0.45041915331636556,39.04970943927765,7.08668644225628,-635717.6649467938,0.9676153693171976,Ethereum,radiant,WETH
346,2025-05-23,rETH,25310.788318415736,17310.788318415736,0.0,0.0,6.7600851762103416,45.0,40.0,0.0,0.0,0.4061508204146677,25310.788318415736,8000.0,-618406.876628378,-7.319147878235346,Ethereum,radiant,rETH
347,2025-05-23,rsETH,18714.912831783295,8714.912831783295,0.0,0.0,71.09348598232607,16.0,12.0,0.0,0.0,0.31771666866110626,18714.912831783295,10000.0,-609691.9637965948,64.33340080611573,Ethereum,radiant,rsETH
348,2025-05-23,wstETH,0.0,0.0,4.5,3.0,0.0,0.0,0.0,1.0,1.0,,-3.0,1.5,-609696.4637965948,-71.09348598232607,Ethereum,radiant,wstETH
349,2025-05-24,LINK,42.29763913651335,42.29763913651335,0.0,0.0,9.175864402919421,1.0,1.0,0.0,0.0,0.5,42.29763913651335,0.0,-609654.1661574582,9.175864402919421,Ethereum,radiant,LINK
350,2025-05-24,MakerDAO,1271.815307943909,0.0,0.0,1000.0,0.0,1.0,0.0,0.0,1.0,0.0,271.8153079439089,271.8153079439089,-609654.1661574582,-9.175864402919421,Ethereum,radiant,MakerDAO
351,2025-05-24,PYUSD,0.19403982467275138,0.12403982467275136,0.0,0.0,36.702701019215894,9.0,8.0,2.0,1.0,0.3899646674283695,0.19403982467275138,0.07000000000000002,-609654.0421176335,36.702701019215894,Ethereum,radiant,PYUSD
352,2025-05-24,UNI,734.7597782893504,394.80763828935045,0.0,0.0,13.633388201068668,3.0,2.0,1.0,1.0,0.3495210932032429,734.7597782893504,339.95213999999993,-609259.2344793441,-23.069312818147225,Ethereum,radiant,UNI
353,2025-05-24,USDC,5.0564801714e-08,4.3567301714e-08,0.0,0.0,13.060266757482038,25.0,24.0,0.0,0.0,0.46283149029304194,5.0564801714e-08,6.9975e-09,-609259.2344793006,-0.5731214435866292,Ethereum,radiant,USDC
354,2025-05-24,WETH,1.0,0.04782902657353981,16.772998597408495,19.209104219828777,14.011327116285294,1.0,1.0,2.0,3.0,0.04564583091379272,-18.209104219828777,-1.48393464899382,-609275.9596488714,0.9510603588032556,Ethereum,radiant,WETH
355,2025-05-24,rsETH,0.0,0.0,0.0,0.0,0.0,0.0,0.0,1.0,1.0,,0.0,0.0,-609275.9596488714,-14.011327116285294,Ethereum,radiant,rsETH
356,2025-05-24,wUSDR,1.2997223824009496,0.0,0.0,0.0,0.0,1.0,0.0,0.0,0.0,0.0,1.2997223824009496,1.2997223824009496,-609275.9596488714,0.0,Ethereum,radiant,wUSDR
357,2025-05-25,MakerDAO,0.0,0.0,0.0,87.34968684204371,0.0,0.0,0.0,0.0,1.0,,-87.34968684204371,-87.34968684204371,-609275.9596488714,0.0,Ethereum,radiant,MakerDAO
358,2025-05-25,UNI,4722.887436350755,2887.437556267438,0.0,0.0,99.36958318807233,9.0,7.0,2.0,2.0,0.3794105454193052,4722.887436350755,1835.4498800833167,-606388.522092604,99.36958318807233,Ethereum,radiant,UNI
359,2025-05-25,WETH,11.818229400895943,13.190289399305245,0.0,0.0,14.054742035756538,15.0,16.0,0.0,0.0,0.527431852509359,11.818229400895943,-1.372059998409302,-606375.3318032046,-85.3148411523158,Ethereum,radiant,WETH
360,2025-05-25,rsETH,156198.8377571106,116198.8377571106,0.0,0.0,140.72472897567215,26.0,24.0,0.0,1.0,0.42657793440327707,156198.8377571106,40000.0,-490176.494046094,126.66998693991562,Ethereum,radiant,rsETH
361,2025-05-25,wUSDR,0.0,0.0,0.0,0.0,0.0,0.0,0.0,0.0,1.0,,0.0,0.0,-490176.494046094,-140.72472897567215,Ethereum,radiant,wUSDR
362,2025-05-26,MakerDAO,0.0,0.0,0.0,51.857471296998085,0.0,0.0,0.0,0.0,6.0,,-51.857471296998085,-51.857471296998085,-490176.494046094,0.0,Ethereum,radiant,MakerDAO
363,2025-05-26,Rocket Pool ETH,0.0,0.0,0.0,0.013402268244733728,0.0,0.0,0.0,0.0,6.0,,-0.013402268244733728,-0.013402268244733728,-490176.494046094,0.0,Ethereum,radiant,Rocket Pool ETH
364,2025-05-26,USDC,0.0,0.0,28000.0,32915.345176999996,0.0,0.0,0.0,1.0,7.0,,-32915.345176999996,-4915.345176999996,-518176.494046094,0.0,Ethereum,radiant,USDC
365,2025-05-26,USDT,0.0,0.0,0.0,148.141176,0.0,0.0,0.0,0.0,6.0,,-148.141176,-148.141176,-518176.494046094,0.0,Ethereum,radiant,USDT
366,2025-05-26,WBTC,0.0,0.0,0.0,0.00261713,0.0,0.0,0.0,0.0,6.0,,-0.00261713,-0.00261713,-518176.494046094,0.0,Ethereum,radiant,WBTC
367,2025-05-26,WETH,0.002,0.0,0.0,2.348836654990491,0.0,1.0,0.0,0.0,6.0,0.0,-2.3468366549904913,-2.3468366549904913,-518176.494046094,0.0,Ethereum,radiant,WETH
368,2025-05-26,rsETH,1996.2664707875738,0.0,0.0,0.0,0.0,2.0,0.0,0.0,0.0,0.0,1996.2664707875738,1996.2664707875738,-518176.494046094,0.0,Ethereum,radiant,rsETH
369,2025-05-26,wUSDR,0.0,0.0,0.0,0.0,0.0,0.0,0.0,0.0,5.0,,0.0,0.0,-518176.494046094,0.0,Ethereum,radiant,wUSDR
370,2025-05-26,wstETH,0.0,0.0,0.0,0.04695588323639624,0.0,0.0,0.0,0.0,6.0,,-0.04695588323639624,-0.04695588323639624,-518176.494046094,0.0,Ethereum,radiant,wstETH
371,2025-05-27,PYUSD,0.0,0.0,0.0,0.0,0.0,0.0,0.0,1.0,1.0,,0.0,0.0,-518176.494046094,0.0,Ethereum,radiant,PYUSD
372,2025-05-27,USDC,1e-09,9.1e-09,0.0,0.0,14.307693119407816,1.0,1.0,0.0,0.0,0.9009900990099009,1e-09,-8.1e-09,-518176.49404608493,14.307693119407816,Ethereum,radiant,USDC
373,2025-05-27,USDT,0.0,1.5e-08,0.270396,0.0,12.912036111596098,0.0,1.0,1.0,0.0,1.0,0.0,0.270395985,-518176.7644420699,-1.3956570078117174,Ethereum,radiant,USDT
374,2025-05-27,WBTC,0.0,0.0,0.0,0.10155725,0.0,0.0,0.0,0.0,2.0,,-0.10155725,-0.10155725,-518176.7644420699,-12.912036111596098,Ethereum,radiant,WBTC
375,2025-05-27,WETH,0.0427383042375211,0.0,0.0,0.002000455674116589,0.0,1.0,0.0,0.0,1.0,0.0,0.04073784856340451,0.04073784856340451,-518176.7644420699,0.0,Ethereum,radiant,WETH
376,2025-05-27,rsETH,29836.508118440033,0.0,0.0,0.0,0.0,2.0,0.0,0.0,0.0,0.0,29836.508118440033,29836.508118440033,-518176.7644420699,0.0,Ethereum,radiant,rsETH
377,2025-05-27,wstETH,0.0,0.0,7.719902167873345,10.035554974683675,0.0,0.0,0.0,2.0,3.0,,-10.035554974683675,-2.3156528068103306,-518184.4843442378,0.0,Ethereum,radiant,wstETH
378,2025-05-28,UNI,2000.0,0.0,0.0,0.0,0.0,1.0,0.0,0.0,1.0,0.0,2000.0,2000.0,-518184.4843442378,0.0,Ethereum,radiant,UNI
379,2025-05-28,USDC,6.2687388771e-08,4.4959717050000004e-08,0.0,8000.0,13.222768131498766,14.0,12.0,0.0,1.0,0.4176583913436637,-7999.999999937312,-7999.999999982272,-518184.48434419284,13.222768131498766,Ethereum,radiant,USDC
380,2025-05-28,WBTC,0.0,0.0,0.0,0.001063,0.0,0.0,0.0,0.0,1.0,,-0.001063,-0.001063,-518184.48434419284,-13.222768131498766,Ethereum,radiant,WBTC
381,2025-05-28,WETH,9.989495984910592,1.6078071893125319,0.0,0.146713,14.2168049854569,15.0,14.0,0.0,1.0,0.13863629890146725,9.842782984910592,8.23497579559806,-518182.87653700355,14.2168049854569,Ethereum,radiant,WETH
382,2025-05-28,rsETH,21797.646478112583,0.0,0.0,0.0,0.0,2.0,0.0,5.0,7.0,0.0,21797.646478112583,21797.646478112583,-518182.87653700355,-14.2168049854569,Ethereum,radiant,rsETH
383,2025-05-28,wstETH,0.0,0.0,0.0,7.493237247648486,0.0,0.0,0.0,0.0,1.0,,-7.493237247648486,-7.493237247648486,-518182.87653700355,0.0,Ethereum,radiant,wstETH
384,2025-05-29,MakerDAO,21570.89079853962,0.0,0.0,0.0,0.0,1.0,0.0,0.0,0.0,0.0,21570.89079853962,21570.89079853962,-518182.87653700355,0.0,Ethereum,radiant,MakerDAO
385,2025-05-29,USDC,0.0,0.0,6616.449078,159.227495,0.0,0.0,0.0,1.0,1.0,,-159.227495,6457.221583,-524799.3256150036,0.0,Ethereum,radiant,USDC
386,2025-05-29,USDT,0.0,0.0,0.0,87.623312,0.0,0.0,0.0,0.0,1.0,,-87.623312,-87.623312,-524799.3256150036,0.0,Ethereum,radiant,USDT
387,2025-05-29,WBTC,0.0,0.0,0.0,0.00128966,0.0,0.0,0.0,0.0,1.0,,-0.00128966,-0.00128966,-524799.3256150036,0.0,Ethereum,radiant,WBTC
388,2025-05-29,WETH,1.3,0.0,0.0,6.245682778085937,0.0,1.0,0.0,0.0,3.0,0.0,-4.945682778085938,-4.945682778085938,-524799.3256150036,0.0,Ethereum,radiant,WETH
389,2025-05-29,wstETH,0.0,0.0,0.0,0.023214383991705435,0.0,0.0,0.0,0.0,1.0,,-0.023214383991705435,-0.023214383991705435,-524799.3256150036,0.0,Ethereum,radiant,wstETH
390,2025-05-30,USDC,3.12394807e-09,1.1318918386e-08,5976.0,0.0,13.423038109997082,4.0,1.0,1.0,0.0,0.7837030426392804,3.12394807e-09,5975.999999991805,-530775.3256149923,13.423038109997082,Ethereum,radiant,USDC
391,2025-05-30,WBTC,1e-11,0.0,0.0,0.0,0.0,1.0,0.0,0.0,0.0,0.0,1e-11,1e-11,-530775.3256149923,-13.423038109997082,Ethereum,radiant,WBTC
392,2025-05-30,WETH,2e-05,0.2741755477785628,0.0,0.0,14.098124301096068,1.0,2.0,0.0,0.0,0.999927059355405,2e-05,-0.27415554777856277,-530775.0514394445,14.098124301096068,Ethereum,radiant,WETH
393,2025-05-30,rsETH,0.0,1840.733041256863,0.0,0.0,2.8883538944293576,0.0,2.0,0.0,0.0,1.0,0.0,-1840.733041256863,-528934.3183981876,-11.20977040666671,Ethereum,radiant,rsETH
394,2025-05-31,USDC,6.6363872968e-08,4.9561284552e-08,76590.344564,112094.17350199999,43.531191459839526,26.0,24.0,3.0,4.0,0.4275282916346215,-112094.17350193363,-35503.8289379832,-605524.6629621381,40.64283756541017,Ethereum,radiant,USDC
395,2025-05-31,USDT,0.0,0.0,22850.120009,28850.120009,0.0,0.0,0.0,1.0,2.0,,-28850.120009,-6000.0,-628374.782971138,-43.531191459839526,Ethereum,radiant,USDT
396,2025-05-31,rsETH,0.0,0.0,0.0,0.0,0.0,0.0,0.0,0.0,3.0,,0.0,0.0,-628374.782971138,0.0,Ethereum,radiant,rsETH
397,2025-06-01,MakerDAO,0.0,888.0,0.0,2400.0,11.099446668903747,0.0,1.0,0.0,1.0,1.0,-2400.0,-3288.0,-627486.782971138,11.099446668903747,Ethereum,radiant,MakerDAO
398,2025-06-01,USDC,0.0,0.0,2000.001073,0.0,0.0,0.0,0.0,1.0,0.0,,0.0,2000.001073,-629486.784044138,-11.099446668903747,Ethereum,radiant,USDC
399,2025-06-01,USDT,7.74658917e-09,7.74658917e-09,0.0,102.445925,13.29253589162677,12.0,12.0,0.0,1.0,0.5,-102.44592499225341,-102.445925,-629486.7840441302,13.29253589162677,Ethereum,radiant,USDT
400,2025-06-01,WETH,0.04040154723681517,0.0,0.0,0.0,0.0,1.0,0.0,0.0,0.0,0.0,0.04040154723681517,0.04040154723681517,-629486.7840441302,-13.29253589162677,Ethereum,radiant,WETH
401,2025-06-01,rsETH,1029.330041,0.0,0.0,0.0,0.0,1.0,0.0,0.0,0.0,0.0,1029.330041,1029.330041,-629486.7840441302,0.0,Ethereum,radiant,rsETH
402,2025-06-01,wUSDR,0.0,0.0,0.0,0.0,0.0,0.0,0.0,0.0,1.0,,0.0,0.0,-629486.7840441302,0.0,Ethereum,radiant,wUSDR
403,2025-06-02,CBETH,0.10571944711418278,0.0,0.0,0.0,0.0,1.0,0.0,0.0,0.0,0.0,0.10571944711418278,0.10571944711418278,-629486.7840441302,0.0,Ethereum,radiant,CBETH
404,2025-06-02,Coinbase Wrapped BTC (cbBTC),2.72062e-13,0.0,0.0,0.0,0.0,1.0,0.0,0.0,0.0,0.0,2.72062e-13,2.72062e-13,-629486.7840441302,0.0,Ethereum,radiant,Coinbase Wrapped BTC (cbBTC)
405,2025-06-02,MakerDAO,0.0,0.0,5000.0,5000.0,0.0,0.0,0.0,1.0,1.0,,-5000.0,0.0,-634486.7840441302,0.0,Ethereum,radiant,MakerDAO
406,2025-06-02,PYUSD,0.0,0.0,0.0,0.0,0.0,0.0,0.0,0.0,1.0,,0.0,0.0,-634486.7840441302,0.0,Ethereum,radiant,PYUSD
407,2025-06-02,PayPal USD (PYUSD),2.58414128e-10,0.0,0.0,0.0,0.0,1.0,0.0,0.0,0.0,0.0,2.58414128e-10,2.58414128e-10,-634486.7840441302,0.0,Ethereum,radiant,PayPal USD (PYUSD)
408,2025-06-02,USDC,2.2436673707e-08,0.0,0.0,801.533331,0.0,1.0,0.0,0.0,2.0,0.0,-801.5333309775633,-801.5333309775633,-634486.7840441302,0.0,Ethereum,radiant,USDC
409,2025-06-02,WETH,0.03984939839910522,0.0,0.0,3.0278969285109762,0.0,1.0,0.0,0.0,2.0,0.0,-2.988047530111871,-2.988047530111871,-634486.7840441302,0.0,Ethereum,radiant,WETH
410,2025-06-02,rsETH,0.0,0.0,0.0,0.0,0.0,0.0,0.0,1.0,0.0,,0.0,0.0,-634486.7840441302,0.0,Ethereum,radiant,rsETH
411,2025-06-02,wUSDR,2.806654955096674,0.0,0.0,0.0,0.0,1.0,0.0,0.0,1.0,0.0,2.806654955096674,2.806654955096674,-634486.7840441302,0.0,Ethereum,radiant,wUSDR
412,2025-06-03,Rocket Pool ETH,0.0,0.0,0.0,0.07092926148688804,0.0,0.0,0.0,0.0,1.0,,-0.07092926148688804,-0.07092926148688804,-634486.7840441302,0.0,Ethereum,radiant,Rocket Pool ETH
413,2025-06-03,USDC,0.0,0.0,31385.819242,41385.819242,0.0,0.0,0.0,1.0,2.0,,-41385.819242,-9999.999999999996,-665872.6032861302,0.0,Ethereum,radiant,USDC
414,2025-06-03,WETH,0.26586459532846096,0.12930292521516853,0.0,0.023657952213366952,14.23680486648099,7.0,7.0,0.0,2.0,0.32721040696180526,0.24220664311509402,0.11290371789992548,-665872.473983205,14.23680486648099,Ethereum,radiant,WETH
415,2025-06-04,CBETH,0.0909375629803126,0.04,0.0,0.0,6.101994530596136,1.0,1.0,0.0,0.0,0.30548911320439265,0.0909375629803126,0.050937562980312594,-665872.433983205,-8.134810335884854,Ethereum,radiant,CBETH
416,2025-06-04,Coinbase Wrapped BTC (cbBTC),2.50486e-13,1.2e-13,0.0,0.0,3.93675386211957,1.0,1.0,0.0,0.0,0.32389887877004797,2.50486e-13,1.30486e-13,-665872.433983205,-2.1652406684765664,Ethereum,radiant,Coinbase Wrapped BTC (cbBTC)
417,2025-06-04,MakerDAO,0.0,0.0,0.0,1485.1528588307701,0.0,0.0,0.0,0.0,1.0,,-1485.1528588307701,-1485.1528588307701,-665872.433983205,-3.93675386211957,Ethereum,radiant,MakerDAO
418,2025-06-04,PayPal USD (PYUSD),2.71893306e-10,1.5e-10,0.0,0.0,3.182116432484331,1.0,1.0,0.0,0.0,0.3555401279583232,2.71893306e-10,1.2189330600000001e-10,-665872.4339832049,3.182116432484331,Ethereum,radiant,PayPal USD (PYUSD)
419,2025-06-04,USDC,2.229181749e-09,0.0,0.0,0.0,0.0,1.0,0.0,0.0,0.0,0.0,2.229181749e-09,2.229181749e-09,-665872.4339832049,-3.182116432484331,Ethereum,radiant,USDC
420,2025-06-04,rsETH,0.0,0.0,0.0,0.0,0.0,0.0,0.0,0.0,1.0,,0.0,0.0,-665872.4339832049,0.0,Ethereum,radiant,rsETH
421,2025-06-06,MakerDAO,0.0,4000.0,11000.0,11000.0,10.505275496093343,0.0,1.0,1.0,1.0,1.0,-11000.0,-4000.0,-672872.4339832049,10.505275496093343,Ethereum,radiant,MakerDAO
422,2025-06-06,PayPal USD (PYUSD),0.0,3.80307434e-10,180.0,0.0,84.0,0.0,1.0,1.0,0.0,1.0,0.0,179.9999999996197,-673052.4339832045,73.49472450390665,Ethereum,radiant,PayPal USD (PYUSD)
423,2025-06-06,USDC,1.499824416e-08,0.0,0.0,0.0,0.0,1.0,0.0,0.0,0.0,0.0,1.499824416e-08,1.499824416e-08,-673052.4339832045,-84.0,Ethereum,radiant,USDC
424,2025-06-06,USDT,2.00134093e-10,0.0,0.0,0.0,0.0,1.0,0.0,0.0,0.0,0.0,2.00134093e-10,2.00134093e-10,-673052.4339832045,0.0,Ethereum,radiant,USDT
425,2025-06-06,WETH,0.0,0.0,0.0,1.0010062740305796,0.0,0.0,0.0,0.0,2.0,,-1.0010062740305796,-1.0010062740305796,-673052.4339832045,0.0,Ethereum,radiant,WETH
426,2025-06-06,rsETH,0.0,788.065693188559,0.0,0.0,84.20882657098477,0.0,1.0,1.0,0.0,1.0,0.0,-788.065693188559,-672264.368290016,84.20882657098477,Ethereum,radiant,rsETH
427,2025-06-07,CBETH,1.3667398303747176,1.0167398303747177,0.0,0.0,44.66667986524268,13.0,12.0,0.0,0.0,0.4265779344032771,1.3667398303747176,0.34999999999999987,-672263.3515501856,-39.54214670574209,Ethereum,radiant,CBETH
428,2025-06-07,Coinbase Wrapped BTC (cbBTC),5.506046e-12,3e-12,0.0,0.0,20.96031734898357,4.0,2.0,0.0,0.0,0.3526903099277855,5.506046e-12,2.506046e-12,-672263.3515501856,-23.70636251625911,Ethereum,radiant,Coinbase Wrapped BTC (cbBTC)
429,2025-06-07,MakerDAO,0.0,0.0,0.0,27.717849789670208,0.0,0.0,0.0,0.0,1.0,,-27.717849789670208,-27.717849789670208,-672263.3515501856,-20.96031734898357,Ethereum,radiant,MakerDAO
430,2025-06-07,PayPal USD (PYUSD),3.634792745e-09,2.134792745e-09,0.0,0.0,6.851230514826436,7.0,6.0,0.0,0.0,0.3700079925499119,3.634792745e-09,1.5000000000000002e-09,-672263.3515501835,6.851230514826436,Ethereum,radiant,PayPal USD (PYUSD)
431,2025-06-07,Rocket Pool ETH,0.0,0.0,0.0,0.004742880987095931,0.0,0.0,0.0,0.0,1.0,,-0.004742880987095931,-0.004742880987095931,-672263.3515501835,-6.851230514826436,Ethereum,radiant,Rocket Pool ETH
432,2025-06-07,USDC,0.0,0.0,3498.028409,5635.987487,0.0,0.0,0.0,2.0,3.0,,-5635.987487,-2137.9590780000003,-675761.3799591835,0.0,Ethereum,radiant,USDC
433,2025-06-07,USDT,3.9606067992e-08,3.9606067992e-08,7000.0,65.581086,32.872762346286926,12.0,12.0,1.0,1.0,0.5,-65.58108596039393,6934.418914,-682761.3799591439,32.872762346286926,Ethereum,radiant,USDT
434,2025-06-07,WBTC,0.0,0.0,0.0,0.00078274,0.0,0.0,0.0,0.0,1.0,,-0.00078274,-0.00078274,-682761.3799591439,-32.872762346286926,Ethereum,radiant,WBTC
435,2025-06-07,WETH,0.0,0.228204154900208,0.0,0.16683633574731047,14.299469121248936,0.0,2.0,0.0,1.0,1.0,-0.16683633574731047,-0.39504049064751845,-682761.151754989,14.299469121248936,Ethereum,radiant,WETH
436,2025-06-07,wstETH,0.0,0.0,0.0,0.021528780943075823,0.0,0.0,0.0,0.0,1.0,,-0.021528780943075823,-0.021528780943075823,-682761.151754989,-14.299469121248936,Ethereum,radiant,wstETH
437,2025-06-08,LINK,471.9961014239206,311.9961014239206,538.0,1092.3236225708533,207.8066941906861,2.0,1.0,4.0,4.0,0.3979581688320355,-620.3275211469327,-394.32362257085333,-682987.1556535652,207.8066941906861,Ethereum,radiant,LINK
438,2025-06-08,MakerDAO,9529.669691451176,13805.025735913889,3200.0,4850.0,12.309160880078817,2.0,4.0,3.0,3.0,0.5916094246391774,4679.669691451176,-5925.356044462713,-672382.1299176513,-195.49753331060728,Ethereum,radiant,MakerDAO
439,2025-06-08,PayPal USD (PYUSD),2.564402864e-09,2.672201432e-09,0.0,0.0,33.384744586114046,2.0,3.0,0.0,0.0,0.5102927929920485,2.564402864e-09,-1.0779856800000013e-10,-672382.1299176486,21.07558370603523,Ethereum,radiant,PayPal USD (PYUSD)
440,2025-06-08,UNI,516.4694481034717,0.0,0.0,0.0,0.0,2.0,0.0,0.0,1.0,0.0,516.4694481034717,516.4694481034717,-672382.1299176486,-33.384744586114046,Ethereum,radiant,UNI
441,2025-06-08,USDC,0.0,2.0950096e-11,4718.195822,0.0,12.192279402716547,0.0,1.0,1.0,0.0,1.0,0.0,4718.195821999979,-677100.3257396485,12.192279402716547,Ethereum,radiant,USDC
442,2025-06-08,USDT,0.0,0.0,8075.440635000001,0.0,0.0,0.0,0.0,2.0,0.0,,0.0,8075.440635000001,-685175.7663746485,-12.192279402716547,Ethereum,radiant,USDT
443,2025-06-08,WBTC,0.0,0.0,0.0,0.00121006,0.0,0.0,0.0,0.0,1.0,,-0.00121006,-0.00121006,-685175.7663746485,0.0,Ethereum,radiant,WBTC
444,2025-06-08,WETH,0.05049835471726604,0.05921900864972125,0.0,0.0,14.310442916944563,1.0,1.0,0.0,0.0,0.5397414486861392,0.05049835471726604,-0.008720653932455212,-685175.7071556399,14.310442916944563,Ethereum,radiant,WETH
445,2025-06-08,rsETH,1000.0,1000.0,0.0,0.0,115.39391366729848,1.0,1.0,1.0,0.0,0.5,1000.0,0.0,-684175.7071556399,101.08347075035391,Ethereum,radiant,rsETH
446,2025-06-09,LINK,408.7193885718972,204.99950814694287,205.00959235143046,205.10314726365456,93.1138827054696,4.0,2.0,2.0,2.0,0.3340283462721179,203.61624130824262,203.62632551273023,-684175.7172398444,-22.28003096182887,Ethereum,radiant,LINK
447,2025-06-09,USDT,0.0,0.0,0.0,10.358825,0.0,0.0,0.0,0.0,1.0,,-10.358825,-10.358825,-684175.7172398444,-93.1138827054696,Ethereum,radiant,USDT
448,2025-06-09,WETH,0.0,0.1130422104316616,0.1130476749653474,0.0,14.315158985061558,0.0,3.0,2.0,0.0,1.0,0.0,5.464533685800577e-06,-684175.7172453089,14.315158985061558,Ethereum,radiant,WETH
449,2025-06-09,rsETH,0.0,0.0,0.0,0.0,0.0,0.0,0.0,0.0,2.0,,0.0,0.0,-684175.7172453089,-14.315158985061558,Ethereum,radiant,rsETH
450,2025-06-10,USDT,0.0,0.0,0.0,1113.576048,0.0,0.0,0.0,0.0,1.0,,-1113.576048,-1113.576048,-684175.7172453089,0.0,Ethereum,radiant,USDT
451,2025-06-10,WETH,0.0,0.0,0.10995021117552503,4.36532753348248,0.0,0.0,0.0,1.0,1.0,,-4.36532753348248,-4.2553773223069555,-684175.82719552,0.0,Ethereum,radiant,WETH
452,2025-06-11,USDC,3.0077779164000003e-08,2.2077779164e-08,0.0,0.0,12.116893234801795,13.0,12.0,0.0,0.0,0.4233063526068596,3.0077779164000003e-08,8.000000000000002e-09,-684175.8271954979,12.116893234801795,Ethereum,radiant,USDC
453,2025-06-12,Coinbase Wrapped BTC (cbBTC),0.0,0.0,0.0,1.000464e-12,0.0,0.0,0.0,0.0,1.0,,-1.000464e-12,-1.000464e-12,-684175.8271954979,-12.116893234801795,Ethereum,radiant,Coinbase Wrapped BTC (cbBTC)
454,2025-06-12,USDC,0.0,0.0,23770.66973,58536.504625,0.0,0.0,0.0,1.0,2.0,,-58536.504625,-34765.834895,-707946.4969254979,0.0,Ethereum,radiant,USDC
455,2025-06-12,WBTC,0.0,2.6e-12,0.0,0.0,8.899023931525782,0.0,1.0,0.0,0.0,1.0,0.0,-2.6e-12,-707946.4969254979,8.899023931525782,Ethereum,radiant,WBTC
456,2025-06-12,rsETH,0.0,1000.0,0.0,0.0,101.79368046431325,0.0,1.0,1.0,0.0,1.0,0.0,-1000.0,-706946.4969254979,92.89465653278748,Ethereum,radiant,rsETH
457,2025-06-13,CBETH,1.454498792559394,0.0,0.0,0.0,0.0,1.0,0.0,0.0,0.0,0.0,1.454498792559394,1.454498792559394,-706946.4969254979,-101.79368046431325,Ethereum,radiant,CBETH
458,2025-06-13,Coinbase Wrapped BTC (cbBTC),1.5e-12,0.0,0.0,0.0,0.0,1.0,0.0,0.0,0.0,0.0,1.5e-12,1.5e-12,-706946.4969254979,0.0,Ethereum,radiant,Coinbase Wrapped BTC (cbBTC)
459,2025-06-13,USDC,1e-08,0.0,0.0,0.0,0.0,1.0,0.0,0.0,0.0,0.0,1e-08,1e-08,-706946.4969254979,0.0,Ethereum,radiant,USDC
460,2025-06-13,WBTC,6.015021e-12,0.0,0.0,0.0,0.0,1.0,0.0,0.0,0.0,0.0,6.015021e-12,6.015021e-12,-706946.4969254979,0.0,Ethereum,radiant,WBTC
461,2025-06-13,WETH,0.0,0.0,0.0,3.0,0.0,0.0,0.0,0.0,1.0,,-3.0,-3.0,-706946.4969254979,0.0,Ethereum,radiant,WETH
462,2025-06-14,LINK,250.0,100.0,0.0,0.0,39.455604525928216,1.0,1.0,0.0,0.0,0.2857142857142857,250.0,150.0,-706846.4969254979,39.455604525928216,Ethereum,radiant,LINK
463,2025-06-14,PYUSD,0.010838835350223874,0.010838835350223874,0.0,0.0,7.900130943038466,2.0,2.0,0.0,0.0,0.5,0.010838835350223874,0.0,-706846.4860866625,-31.55547358288975,Ethereum,radiant,PYUSD
464,2025-06-14,WETH,0.0001,0.0,75.27953125933941,110.02659373172683,0.0,1.0,0.0,2.0,2.0,0.0,-110.02649373172683,-34.74696247238742,-706921.7656179218,-7.900130943038466,Ethereum,radiant,WETH
465,2025-06-14,rsETH,4000.0,2000.0,0.0,0.0,218.55382449130633,1.0,1.0,0.0,0.0,0.3333333333333333,4000.0,2000.0,-704921.7656179218,218.55382449130633,Ethereum,radiant,rsETH
466,2025-06-15,LINK,151.00000001,151.0,0.0,0.0,63.31718391485548,1.0,1.0,0.0,0.0,0.4999999999834437,151.00000001,1.0000007932831068e-08,-704770.7656179218,-155.23664057645084,Ethereum,radiant,LINK
467,2025-06-15,MakerDAO,0.0,0.0,2734.8645793358796,3600.0,0.0,0.0,0.0,1.0,1.0,,-3600.0,-865.1354206641204,-707505.6301972577,-63.31718391485548,Ethereum,radiant,MakerDAO
468,2025-06-15,UNI,139.864,0.0,0.0,0.0,0.0,1.0,0.0,0.0,0.0,0.0,139.864,139.864,-707505.6301972577,0.0,Ethereum,radiant,UNI
469,2025-06-15,USDT,0.0,0.0,0.165797,0.0,0.0,0.0,0.0,1.0,0.0,,0.0,0.165797,-707505.7959942578,0.0,Ethereum,radiant,USDT
470,2025-06-15,WETH,2.0,0.0,0.0,0.0,0.0,1.0,0.0,0.0,0.0,0.0,2.0,2.0,-707505.7959942578,0.0,Ethereum,radiant,WETH
471,2025-06-15,rsETH,0.0,0.0,0.0,0.0,0.0,0.0,0.0,0.0,1.0,,0.0,0.0,-707505.7959942578,0.0,Ethereum,radiant,rsETH
472,2025-06-16,USDC,0.0,0.0,25000.0,30665.005549,0.0,0.0,0.0,1.0,1.0,,-30665.005549,-5665.005549000001,-732505.7959942578,0.0,Ethereum,radiant,USDC
473,2025-06-16,USDT,0.0,0.0,49533.703685,60367.602335,0.0,0.0,0.0,2.0,2.0,,-60367.602335,-10833.898650000003,-782039.4996792577,0.0,Ethereum,radiant,USDT
474,2025-06-16,WETH,25.77280822992325,19.17280822992325,0.0,0.1739147089349397,32.350916475956815,13.0,12.0,0.0,1.0,0.426577934403277,25.59889352098831,6.426085291065061,-782020.3268710278,32.350916475956815,Ethereum,radiant,WETH
475,2025-06-17,MakerDAO,0.0,0.0,0.0,406.1517300461562,0.0,0.0,0.0,0.0,1.0,,-406.1517300461562,-406.1517300461562,-782020.3268710278,-32.350916475956815,Ethereum,radiant,MakerDAO
476,2025-06-17,Rocket Pool ETH,0.0,0.0,0.0,0.10030866192824961,0.0,0.0,0.0,0.0,1.0,,-0.10030866192824961,-0.10030866192824961,-782020.3268710278,0.0,Ethereum,radiant,Rocket Pool ETH
477,2025-06-17,USDC,0.0,0.0,0.0,324.284108,0.0,0.0,0.0,0.0,1.0,,-324.284108,-324.284108,-782020.3268710278,0.0,Ethereum,radiant,USDC
478,2025-06-17,WBTC,0.0,0.0,0.0,0.01838838,0.0,0.0,0.0,0.0,1.0,,-0.01838838,-0.01838838,-782020.3268710278,0.0,Ethereum,radiant,WBTC
479,2025-06-17,WETH,0.2,0.0,0.0,3.003089344299184,0.0,2.0,0.0,0.0,4.0,0.0,-2.8030893442991838,-2.8030893442991838,-782020.3268710278,0.0,Ethereum,radiant,WETH
480,2025-06-17,wstETH,0.0,0.0,0.0,0.31788802059339166,0.0,0.0,0.0,0.0,1.0,,-0.31788802059339166,-0.31788802059339166,-782020.3268710278,0.0,Ethereum,radiant,wstETH
481,2025-06-18,USDC,0.0,0.0,0.0,237.960491,0.0,0.0,0.0,0.0,1.0,,-237.960491,-237.960491,-782020.3268710278,0.0,Ethereum,radiant,USDC
482,2025-06-18,WBTC,0.0,0.0,0.0,0.00116832,0.0,0.0,0.0,0.0,1.0,,-0.00116832,-0.00116832,-782020.3268710278,0.0,Ethereum,radiant,WBTC
483,2025-06-18,WETH,3.722655446776924,0.0,0.0,0.0,0.0,4.0,0.0,0.0,0.0,0.0,3.722655446776924,3.722655446776924,-782020.3268710278,0.0,Ethereum,radiant,WETH
484,2025-06-18,wstETH,0.0,0.0,0.0,0.03390669953361335,0.0,0.0,0.0,0.0,1.0,,-0.03390669953361335,-0.03390669953361335,-782020.3268710278,0.0,Ethereum,radiant,wstETH
485,2025-06-19,USDC,1.137495678e-09,0.0,0.0,0.0,0.0,1.0,0.0,0.0,0.0,0.0,1.137495678e-09,1.137495678e-09,-782020.3268710278,0.0,Ethereum,radiant,USDC
486,2025-06-19,USDT,0.0,7.4068406e-10,0.0,0.0,12.649118230685685,0.0,1.0,0.0,0.0,1.0,0.0,-7.4068406e-10,-782020.3268710271,12.649118230685685,Ethereum,radiant,USDT
487,2025-06-19,WETH,0.35,0.0,0.0,0.137382164617565,0.0,1.0,0.0,0.0,1.0,0.0,0.21261783538243498,0.21261783538243498,-782020.3268710271,-12.649118230685685,Ethereum,radiant,WETH
488,2025-06-20,CBETH,1.0,1.0,0.5,0.5,49.70651124758714,1.0,1.0,1.0,1.0,0.5,0.5,0.0,-782019.8268710271,49.70651124758714,Ethereum,radiant,CBETH
489,2025-06-20,Coinbase Wrapped BTC (cbBTC),3e-12,3e-12,5e-13,5e-13,29.333987533084233,2.0,2.0,1.0,1.0,0.5,2.5000000000000003e-12,-1.0097419586828951e-28,-782019.8268710271,-20.372523714502904,Ethereum,radiant,Coinbase Wrapped BTC (cbBTC)
490,2025-06-20,MakerDAO,0.0,4548.896414854753,20883.258984631357,21302.053917717523,10.78191316987404,0.0,1.0,1.0,2.0,1.0,-21302.053917717523,-4967.6913479409195,-798354.1894408037,-18.552074363210195,Ethereum,radiant,MakerDAO
491,2025-06-20,PYUSD,0.03,0.03,0.0,0.0,51.05718111518769,1.0,1.0,2.0,2.0,0.5,0.03,0.0,-798354.1594408037,40.27526794531365,Ethereum,radiant,PYUSD
492,2025-06-20,USDC,0.0,0.0,1109.119359,1113.436779,0.0,0.0,0.0,1.0,2.0,,-1113.436779,-4.317419999999856,-799463.2787998037,-51.05718111518769,Ethereum,radiant,USDC
493,2025-06-20,USDT,0.0,0.0,0.0,1.447476,0.0,0.0,0.0,0.0,1.0,,-1.447476,-1.447476,-799463.2787998037,0.0,Ethereum,radiant,USDT
494,2025-06-20,WBTC,1.23814e-13,0.0,0.00159086,1.618e-05,0.0,1.0,0.0,1.0,1.0,0.0,-1.6179999876186e-05,0.001574680000123814,-799463.2803906637,0.0,Ethereum,radiant,WBTC
495,2025-06-20,WETH,8.01,0.0,0.0,1.0318157924193592,0.0,4.0,0.0,0.0,2.0,0.0,6.97818420758064,6.97818420758064,-799463.2803906637,0.0,Ethereum,radiant,WETH
496,2025-06-20,wUSDR,0.9343465553754547,0.0,0.0,0.0,0.0,1.0,0.0,0.0,1.0,0.0,0.9343465553754547,0.9343465553754547,-799463.2803906637,0.0,Ethereum,radiant,wUSDR
497,2025-06-20,wstETH,0.0,4.160344099997538,0.0,0.0,10.278197339568546,0.0,2.0,0.0,0.0,1.0,0.0,-4.160344099997538,-799459.1200465637,10.278197339568546,Ethereum,radiant,wstETH
498,2025-06-21,Coinbase Wrapped BTC (cbBTC),0.0,0.0,1.5e-12,0.0,0.0,0.0,0.0,1.0,0.0,,0.0,1.5e-12,-799459.1200465637,-10.278197339568546,Ethereum,radiant,Coinbase Wrapped BTC (cbBTC)
499,2025-06-21,PYUSD,0.0,0.0,0.0,0.0,0.0,0.0,0.0,1.0,1.0,,0.0,0.0,-799459.1200465637,0.0,Ethereum,radiant,PYUSD
500,2025-06-21,PayPal USD (PYUSD),1.147839673e-09,0.0,0.0,0.0,0.0,1.0,0.0,0.0,0.0,0.0,1.147839673e-09,1.147839673e-09,-799459.1200465637,0.0,Ethereum,radiant,PayPal USD (PYUSD)
501,2025-06-21,WBTC,0.0,0.0,0.59633418,0.83366439,0.0,0.0,0.0,2.0,2.0,,-0.83366439,-0.23733020999999999,-799459.7163807437,0.0,Ethereum,radiant,WBTC
502,2025-06-21,WETH,21.86783728599548,16.267837285995483,0.0,0.0,14.889889330884088,13.0,12.0,0.0,0.0,0.4265779344032771,21.86783728599548,5.599999999999998,-799443.4485434577,14.889889330884088,Ethereum,radiant,WETH
503,2025-06-21,wUSDR,0.0,0.0,0.0,0.0,0.0,0.0,0.0,0.0,1.0,,0.0,0.0,-799443.4485434577,-14.889889330884088,Ethereum,radiant,wUSDR
504,2025-06-22,CBETH,0.0,0.0,0.2,0.2,0.0,0.0,0.0,1.0,1.0,,-0.2,0.0,-799443.6485434576,0.0,Ethereum,radiant,CBETH
505,2025-06-22,UNI,452.24355,0.0,0.0,0.0,0.0,1.0,0.0,0.0,0.0,0.0,452.24355,452.24355,-799443.6485434576,0.0,Ethereum,radiant,UNI
506,2025-06-22,WETH,0.0,0.0,0.0,2.0084808643867835,0.0,0.0,0.0,0.0,1.0,,-2.0084808643867835,-2.0084808643867835,-799443.6485434576,0.0,Ethereum,radiant,WETH
507,2025-06-23,MakerDAO,8000.0,8000.0,0.0,0.0,13.38626379927143,1.0,1.0,0.0,0.0,0.5,8000.0,0.0,-791443.6485434576,13.38626379927143,Ethereum,radiant,MakerDAO
508,2025-06-23,USDC,1.30002371e-10,0.0,0.0,0.0,0.0,1.0,0.0,0.0,0.0,0.0,1.30002371e-10,1.30002371e-10,-791443.6485434576,-13.38626379927143,Ethereum,radiant,USDC
509,2025-06-23,WETH,0.04899116588363709,0.0,30.0,30.027,0.0,1.0,0.0,1.0,1.0,0.0,-29.978008834116363,0.021991165883637365,-791473.6485434576,0.0,Ethereum,radiant,WETH
510,2025-06-24,USDC,0.0,0.0,0.0,10103.409152,0.0,0.0,0.0,0.0,2.0,,-10103.409152,-10103.409152,-791473.6485434576,0.0,Ethereum,radiant,USDC
511,2025-06-24,WETH,0.042689179765737245,0.06366329376253875,0.0,0.0,14.536808967558171,1.0,1.0,0.0,0.0,0.5986066111157495,0.042689179765737245,-0.020974113996801505,-791473.5848801639,14.536808967558171,Ethereum,radiant,WETH
512,2025-06-24,wUSDR,0.0,0.0,0.0,0.0,0.0,0.0,0.0,1.0,0.0,,0.0,0.0,-791473.5848801639,-14.536808967558171,Ethereum,radiant,wUSDR
513,2025-06-25,Coinbase Wrapped BTC (cbBTC),0.0,0.0,1.511371e-12,4.90813e-12,0.0,0.0,0.0,1.0,1.0,,-4.90813e-12,-3.3967589999999996e-12,-791473.5848801639,0.0,Ethereum,radiant,Coinbase Wrapped BTC (cbBTC)
514,2025-06-25,PYUSD,0.0,0.0,0.0,0.0,0.0,0.0,0.0,0.0,1.0,,0.0,0.0,-791473.5848801639,0.0,Ethereum,radiant,PYUSD
515,2025-06-25,UNI,0.0,0.0,0.0,0.0,0.0,0.0,0.0,0.0,1.0,,0.0,0.0,-791473.5848801639,0.0,Ethereum,radiant,UNI
516,2025-06-25,USDC,2e-08,0.0,0.0,0.0,0.0,1.0,0.0,0.0,0.0,0.0,2e-08,2e-08,-791473.5848801639,0.0,Ethereum,radiant,USDC
517,2025-06-25,rsETH,0.0,0.0,0.0,0.0,0.0,0.0,0.0,1.0,1.0,,0.0,0.0,-791473.5848801639,0.0,Ethereum,radiant,rsETH
518,2025-06-25,wUSDR,4.0,4.0,0.0,0.0,69.26242171981083,1.0,1.0,1.0,1.0,0.5,4.0,0.0,-791469.5848801639,69.26242171981083,Ethereum,radiant,wUSDR
519,2025-06-26,LINK,0.0,0.0,100.33131575032759,100.4,0.0,0.0,0.0,1.0,1.0,,-100.4,-0.06868424967241538,-791569.9161959143,-69.26242171981083,Ethereum,radiant,LINK
520,2025-06-26,USDC,9.5e-11,2e-08,76397.931007,73487.212428,55.82407803956199,1.0,1.0,3.0,2.0,0.9952724558347849,-73487.2124279999,2910.718578980115,-867967.8472028943,55.82407803956199,Ethereum,radiant,USDC
521,2025-06-26,WBTC,5.3506157e-11,3.8706157e-11,0.0,0.0,8.060267199215973,12.0,11.0,0.0,0.0,0.4197504142451083,5.3506157e-11,1.4800000000000003e-11,-867967.8472028943,-47.76381084034602,Ethereum,radiant,WBTC
522,2025-06-26,WETH,0.001,0.0,0.0,0.0,0.0,1.0,0.0,0.0,0.0,0.0,0.001,0.001,-867967.8472028943,-8.060267199215973,Ethereum,radiant,WETH
523,2025-06-26,wUSDR,0.0,0.0,0.0,0.0,0.0,0.0,0.0,1.0,1.0,,0.0,0.0,-867967.8472028943,0.0,Ethereum,radiant,wUSDR
524,2025-06-28,Rocket Pool ETH,0.10032356776880978,0.0,0.026476154258834064,0.0,0.0,1.0,0.0,1.0,0.0,0.0,0.10032356776880978,0.12679972202764384,-867967.8736790485,0.0,Ethereum,radiant,Rocket Pool ETH
525,2025-06-28,USDC,8.3347431389e-08,6.200350012700001e-08,0.0,0.0,12.413048687076811,13.0,12.0,0.0,0.0,0.4265779343847876,8.3347431389e-08,2.1343931261999993e-08,-867967.8736789864,12.413048687076811,Ethereum,radiant,USDC
526,2025-06-28,USDT,4.2759315794e-08,3.2008073777e-08,0.0,0.0,12.358179795167732,14.0,13.0,0.0,0.0,0.4281020637560812,4.2759315794e-08,1.0751242016999997e-08,-867967.8736789544,-0.054868891909078954,Ethereum,radiant,USDT
527,2025-06-28,WBTC,0.0,0.0,0.0,0.00023858,0.0,0.0,0.0,0.0,1.0,,-0.00023858,-0.00023858,-867967.8736789544,-12.358179795167732,Ethereum,radiant,WBTC
528,2025-06-28,WETH,14.838889586925507,11.76135692814369,0.0,0.22,14.559525681699288,13.0,14.0,0.0,2.0,0.4421521778559763,14.618889586925507,2.857532658781818,-867956.1123220263,14.559525681699288,Ethereum,radiant,WETH
529,2025-06-28,wstETH,0.0,0.0,0.04699114748721688,0.0,0.0,0.0,0.0,1.0,0.0,,0.0,0.04699114748721688,-867956.1593131737,-14.559525681699288,Ethereum,radiant,wstETH
530,2025-06-29,Coinbase Wrapped BTC (cbBTC),1e-12,1e-12,0.0,0.0,67.86588505164904,1.0,1.0,0.0,0.0,0.5,1e-12,0.0,-867956.1593131737,67.86588505164904,Ethereum,radiant,Coinbase Wrapped BTC (cbBTC)
531,2025-06-29,LINK,281.32589846999997,132.0,0.0,0.0,9.94805267314156,2.0,1.0,0.0,0.0,0.3193605832313477,281.32589846999997,149.32589846999997,-867824.1593131737,-57.917832378507484,Ethereum,radiant,LINK
532,2025-06-29,MakerDAO,0.0,0.0,257.43162766965304,0.0,0.0,0.0,0.0,1.0,0.0,,0.0,257.43162766965304,-868081.5909408433,-9.94805267314156,Ethereum,radiant,MakerDAO
533,2025-06-29,PYUSD,0.0,0.0,0.0,0.0,0.0,0.0,0.0,2.0,2.0,,0.0,0.0,-868081.5909408433,0.0,Ethereum,radiant,PYUSD
534,2025-06-29,USDC,0.0,0.0,0.0,10000.0,0.0,0.0,0.0,0.0,1.0,,-10000.0,-10000.0,-868081.5909408433,0.0,Ethereum,radiant,USDC
535,2025-06-29,USDT,2.3425145936e-08,1.7426344336e-08,30009.111481,46009.111481,12.98876110644889,13.0,12.0,1.0,2.0,0.4265779343659387,-46009.11148097657,-15999.999999994001,-898090.702421826,12.98876110644889,Ethereum,radiant,USDT
536,2025-06-29,WBTC,4.4628957e-11,3.4628957e-11,0.42091866,0.47188559,7.871829725050324,15.0,14.0,2.0,3.0,0.4369148171121436,-0.47188558995537105,-0.05096692999000002,-898091.123340486,-5.116931381398567,Ethereum,radiant,WBTC
537,2025-06-29,WETH,63.983484928150716,41.737661652982865,0.0,17.006512254151275,14.709322038616698,41.0,39.0,0.0,7.0,0.3947900964255257,46.97697267399944,5.239311021016576,-898049.385678833,6.837492313566374,Ethereum,radiant,WETH
538,2025-06-29,rsETH,500.0,500.0,0.0,0.0,50.00955362460437,1.0,1.0,1.0,0.0,0.5,500.0,0.0,-897549.385678833,35.300231585987675,Ethereum,radiant,rsETH
539,2025-06-29,wUSDR,5.639965899622537,5.639965899622537,0.0,0.0,10.215584598211455,11.0,11.0,1.0,1.0,0.5,5.639965899622537,0.0,-897543.7457129334,-39.793969026392915,Ethereum,radiant,wUSDR
540,2025-06-29,wstETH,0.6615528026492764,0.0,12.154397018014386,10.661554295049532,0.0,1.0,0.0,4.0,2.0,0.0,-10.000001492400255,2.154395525614131,-897555.9001099514,-10.215584598211455,Ethereum,radiant,wstETH
