block_timestamp,lp_provider,transaction_hash,pool_id,data,event,f0_,f1_
2025-06-27 17:13:35.000000 UTC,0x000000000000000000000000c36442b4a4522e871399cd717abdd847ab11fe88,0xdebbec5c99f300420786d4af2419590eb2b65805f2f2c779e9fccc4b4f6b23bf,0x88e6a0c2ddd26feeb64f039a2c41296fcb3f5640,0x000000000000000000000000c36442b4a4522e871399cd717abdd847ab11fe88000000000000000000000000000000000000000000000000000006e486c9301f0000000000000000000000000000000000000000000000000000000002083d5c000000000000000000000000000000000000000000000000002aa1efb445fc37,0x7a53080ba414158be7ec69b987b5fb7d07dee101fe85488f0853ae16239d0bde,0x00000000000000000000000000000000000000000000000000000000000300a2,0x0000000000000000000000000000000000000000000000000000000000030e76
2025-06-27 16:51:23.000000 UTC,0x000000000000000000000000d4bc53434c5e12cb41381a556c3c47e1a86e80e3,0x82c37cc093796d35bee518f9f345506d24b5e00dcaf512fc04e5a1dda3ff50f5,0x88e6a0c2ddd26feeb64f039a2c41296fcb3f5640,0x000000000000000000000000d4bc53434c5e12cb41381a556c3c47e1a86e80e3000000000000000000000000000000000000000000000001c993ea0000000000000000000000000000000000000000000000000000000000000000a10d2a8276000000000000000000000000000000000000000000000002b559b64f807bd77e,0x7a53080ba414158be7ec69b987b5fb7d07dee101fe85488f0853ae16239d0bde,0x00000000000000000000000000000000000000000000000000000000000306c4,0x00000000000000000000000000000000000000000000000000000000000306ce
2025-06-27 16:14:23.000000 UTC,0x0000000000000000000000001f2f10d1c40777ae1da742455c65828ff36df387,0xd73acb75b1ad42a9ff6bcb00d651bd555def22ab845c6726d8857e01b96df6c2,0x88e6a0c2ddd26feeb64f039a2c41296fcb3f5640,0x0000000000000000000000001f2f10d1c40777ae1da742455c65828ff36df387000000000000000000000000000000000000000000000008cfe5e60000000000000000000000000000000000000000000000000000000000000001649b58daa30000000000000000000000000000000000000000000000372af01e58053dfab9,0x7a53080ba414158be7ec69b987b5fb7d07dee101fe85488f0853ae16239d0bde,0x00000000000000000000000000000000000000000000000000000000000306ba,0x00000000000000000000000000000000000000000000000000000000000306c4
2025-06-27 16:36:11.000000 UTC,0x000000000000000000000000c36442b4a4522e871399cd717abdd847ab11fe88,0xc0882771eccaa9bea18eadbdedd797ba6705c38b16dfcda867e9cc51bf2a0943,0x88e6a0c2ddd26feeb64f039a2c41296fcb3f5640,0x000000000000000000000000c36442b4a4522e871399cd717abdd847ab11fe88000000000000000000000000000000000000000000000000000a56410168f92d000000000000000000000000000000000000000000000000000000004e7af73900000000000000000000000000000000000000000000000018c6507d3222e0dd,0x7a53080ba414158be7ec69b987b5fb7d07dee101fe85488f0853ae16239d0bde,0x000000000000000000000000000000000000000000000000000000000003043a,0x000000000000000000000000000000000000000000000000000000000003075a
2025-06-27 17:22:11.000000 UTC,0x000000000000000000000000a69babef1ca67a37ffaf7a485dfff3382056e78c,0xf322c052462e80bea9d7679e71a4334864c2be1e4821f78a431c699bcfc2222e,0x88e6a0c2ddd26feeb64f039a2c41296fcb3f5640,0x000000000000000000000000f5a96d43e4b9a2c47f302b54d006d7e20f03865800000000000000000000000000000000000000000000002f6f46eb734d8a26590000000000000000000000000000000000000000000000000000116702eb326b000000000000000000000000000000000000000000000035d3b560c5670589bc,0x7a53080ba414158be7ec69b987b5fb7d07dee101fe85488f0853ae16239d0bde,0x00000000000000000000000000000000000000000000000000000000000306ec,0x00000000000000000000000000000000000000000000000000000000000306f6
2025-06-27 14:21:23.000000 UTC,0x000000000000000000000000d4bc53434c5e12cb41381a556c3c47e1a86e80e3,0x83d5a79e0b882dc2f4e2834491b0fd9b8e927ef98e8c5ccc013705aae5053903,0x88e6a0c2ddd26feeb64f039a2c41296fcb3f5640,0x000000000000000000000000d4bc53434c5e12cb41381a556c3c47e1a86e80e3000000000000000000000000000000000000000000000002eb98a10000000000000000000000000000000000000000000000000000000000000000a08c28fe4400000000000000000000000000000000000000000000000e3b378262f184e3e4,0x7a53080ba414158be7ec69b987b5fb7d07dee101fe85488f0853ae16239d0bde,0x00000000000000000000000000000000000000000000000000000000000306ec,0x00000000000000000000000000000000000000000000000000000000000306f6
2025-06-27 14:48:35.000000 UTC,0x000000000000000000000000c36442b4a4522e871399cd717abdd847ab11fe88,0xdc7d934014a0cd57ef415cb0c24a9de0a4aba031b4c20f804812533489af6a00,0x88e6a0c2ddd26feeb64f039a2c41296fcb3f5640,0x000000000000000000000000c36442b4a4522e871399cd717abdd847ab11fe880000000000000000000000000000000000000000000000000023af1f0d41d32400000000000000000000000000000000000000000000000000000000aeceaaec0000000000000000000000000000000000000000000000002a486742a2533357,0x7a53080ba414158be7ec69b987b5fb7d07dee101fe85488f0853ae16239d0bde,0x00000000000000000000000000000000000000000000000000000000000305c0,0x0000000000000000000000000000000000000000000000000000000000030764
2025-06-27 15:01:47.000000 UTC,0x000000000000000000000000c36442b4a4522e871399cd717abdd847ab11fe88,0x11bdd281cfb4edc750ecd7331c41a4f8258bcc0051a6bee0668e5690fa9da6b6,0x88e6a0c2ddd26feeb64f039a2c41296fcb3f5640,0x000000000000000000000000c36442b4a4522e871399cd717abdd847ab11fe880000000000000000000000000000000000000000000000000008e38a596542a000000000000000000000000000000000000000000000000000000002a037db7f000000000000000000000000000000000000000000000000478b88bdcc14a575,0x7a53080ba414158be7ec69b987b5fb7d07dee101fe85488f0853ae16239d0bde,0x000000000000000000000000000000000000000000000000000000000002fe9a,0x0000000000000000000000000000000000000000000000000000000000030e76
2025-06-27 15:24:47.000000 UTC,0x000000000000000000000000c36442b4a4522e871399cd717abdd847ab11fe88,0x9f057f3a07c53da30bd2e673598b1c4ad28ab0d71646f15055cd27bd01d3016e,0x88e6a0c2ddd26feeb64f039a2c41296fcb3f5640,0x000000000000000000000000c36442b4a4522e871399cd717abdd847ab11fe88000000000000000000000000000000000000000000000000000abecacab4523300000000000000000000000000000000000000000000000000000000c625f4b20000000000000000000000000000000000000000000000003058f15d325f8dde,0x7a53080ba414158be7ec69b987b5fb7d07dee101fe85488f0853ae16239d0bde,0x0000000000000000000000000000000000000000000000000000000000030250,0x00000000000000000000000000000000000000000000000000000000000308a4
2025-06-27 16:01:23.000000 UTC,0x000000000000000000000000c36442b4a4522e871399cd717abdd847ab11fe88,0x3b8b7689f888393aeb083a29d4167ba0ac99193e9cda8d5222654e032bb8de4a,0x88e6a0c2ddd26feeb64f039a2c41296fcb3f5640,0x000000000000000000000000c36442b4a4522e871399cd717abdd847ab11fe880000000000000000000000000000000000000000000000000001589bea02550c00000000000000000000000000000000000000000000000000000000012a66650000000000000000000000000000000000000000000000000632456ef4d3f5fc,0x7a53080ba414158be7ec69b987b5fb7d07dee101fe85488f0853ae16239d0bde,0x000000000000000000000000000000000000000000000000000000000003020a,0x00000000000000000000000000000000000000000000000000000000000306ce
2025-06-27 17:04:47.000000 UTC,0x000000000000000000000000c36442b4a4522e871399cd717abdd847ab11fe88,0x53d0d0861d5ef70b623d912bf9f8d2f4bd9fba471e2f805eeb3f9ae0eb4a84fb,0x88e6a0c2ddd26feeb64f039a2c41296fcb3f5640,0x000000000000000000000000c36442b4a4522e871399cd717abdd847ab11fe880000000000000000000000000000000000000000000000000000537db71b1c420000000000000000000000000000000000000000000000000000000062ca07ca00000000000000000000000000000000000000000000000010d93a6ec1241856,0x7a53080ba414158be7ec69b987b5fb7d07dee101fe85488f0853ae16239d0bde,0x000000000000000000000000000000000000000000000000000000000002b480,0x0000000000000000000000000000000000000000000000000000000000032a8c
2025-06-27 14:47:35.000000 UTC,0x000000000000000000000000d4bc53434c5e12cb41381a556c3c47e1a86e80e3,0xeb3a4d3b6b286100424ad318375289bae704eb14d4bd0ea4daf87f339febc7bb,0x88e6a0c2ddd26feeb64f039a2c41296fcb3f5640,0x000000000000000000000000d4bc53434c5e12cb41381a556c3c47e1a86e80e3000000000000000000000000000000000000000000000002e189570000000000000000000000000000000000000000000000000000000000000000d01e89ed0100000000000000000000000000000000000000000000000943d979b14cd24706,0x7a53080ba414158be7ec69b987b5fb7d07dee101fe85488f0853ae16239d0bde,0x00000000000000000000000000000000000000000000000000000000000306ec,0x00000000000000000000000000000000000000000000000000000000000306f6
2025-06-27 00:10:23.000000 UTC,0x000000000000000000000000a69babef1ca67a37ffaf7a485dfff3382056e78c,0x5b920ab2f50ac4cc225ed93c31bd2d32aca7bcdf678d2b55dd8f99f6800750df,0x88e6a0c2ddd26feeb64f039a2c41296fcb3f5640,0x000000000000000000000000f5a96d43e4b9a2c47f302b54d006d7e20f03865800000000000000000000000000000000000000000000002f187d626cf9998b3c0000000000000000000000000000000000000000000000000000116304883e57000000000000000000000000000000000000000000000032647c7a060a395a67,0x7a53080ba414158be7ec69b987b5fb7d07dee101fe85488f0853ae16239d0bde,0x0000000000000000000000000000000000000000000000000000000000030700,0x000000000000000000000000000000000000000000000000000000000003070a
2025-06-27 00:27:47.000000 UTC,0x0000000000000000000000001f2f10d1c40777ae1da742455c65828ff36df387,0xa7c9eecff92c4b9950866087e9ea53ffb5a78098531e926fd1de06d88c0a8d60,0x88e6a0c2ddd26feeb64f039a2c41296fcb3f5640,0x0000000000000000000000001f2f10d1c40777ae1da742455c65828ff36df387000000000000000000000000000000000000000000000003499b31000000000000000000000000000000000000000000000000000000000000000010f5e216de00000000000000000000000000000000000000000000001fc7b6c5062321d309,0x7a53080ba414158be7ec69b987b5fb7d07dee101fe85488f0853ae16239d0bde,0x0000000000000000000000000000000000000000000000000000000000030700,0x000000000000000000000000000000000000000000000000000000000003070a
2025-06-27 00:52:11.000000 UTC,0x000000000000000000000000a69babef1ca67a37ffaf7a485dfff3382056e78c,0xb4ae24f429ed92aca7c8a48e560aa104133baf1355e952bf4580b1c570b2aa82,0x88e6a0c2ddd26feeb64f039a2c41296fcb3f5640,0x000000000000000000000000f5a96d43e4b9a2c47f302b54d006d7e20f03865800000000000000000000000000000000000000000000003e543b0d7d7935778d000000000000000000000000000000000000000000000000000011a372c566c60000000000000000000000000000000000000000000000c642c480f66c033f87,0x7a53080ba414158be7ec69b987b5fb7d07dee101fe85488f0853ae16239d0bde,0x000000000000000000000000000000000000000000000000000000000003073c,0x0000000000000000000000000000000000000000000000000000000000030746
2025-06-27 01:05:47.000000 UTC,0x000000000000000000000000a69babef1ca67a37ffaf7a485dfff3382056e78c,0xf20c380d2ff114dee9b9e3ad888ca8ef664cc3dbabbbaab7f2d0d22b76c696c6,0x88e6a0c2ddd26feeb64f039a2c41296fcb3f5640,0x000000000000000000000000f5a96d43e4b9a2c47f302b54d006d7e20f03865800000000000000000000000000000000000000000000002b1d2eaeef0d7b807f000000000000000000000000000000000000000000000000000011ba7f25ebdc0000000000000000000000000000000000000000000000000000000000000000,0x7a53080ba414158be7ec69b987b5fb7d07dee101fe85488f0853ae16239d0bde,0x0000000000000000000000000000000000000000000000000000000000030746,0x0000000000000000000000000000000000000000000000000000000000030750
2025-06-27 02:53:23.000000 UTC,0x0000000000000000000000001f2f10d1c40777ae1da742455c65828ff36df387,0xa4fab059d3d91da4b7b5c0fc3accb876c3f937f7869f44bf996ebf13c64399cb,0x88e6a0c2ddd26feeb64f039a2c41296fcb3f5640,0x0000000000000000000000001f2f10d1c40777ae1da742455c65828ff36df387000000000000000000000000000000000000000000000008cfdda40000000000000000000000000000000000000000000000000000000000000001646d66fb1e0000000000000000000000000000000000000000000000372c4bbfb2a79dccac,0x7a53080ba414158be7ec69b987b5fb7d07dee101fe85488f0853ae16239d0bde,0x00000000000000000000000000000000000000000000000000000000000306b0,0x00000000000000000000000000000000000000000000000000000000000306ba
2025-06-27 02:58:11.000000 UTC,0x000000000000000000000000a69babef1ca67a37ffaf7a485dfff3382056e78c,0x1968d1c1cd3b974568174283079006d787cb82dc7220fcb178118b8d1ab3f633,0x88e6a0c2ddd26feeb64f039a2c41296fcb3f5640,0x000000000000000000000000f5a96d43e4b9a2c47f302b54d006d7e20f038658000000000000000000000000000000000000000000000036071b8b17692a92ea000000000000000000000000000000000000000000000000000005f1a10b0458000000000000000000000000000000000000000000000191a1fbde2f44bc2571,0x7a53080ba414158be7ec69b987b5fb7d07dee101fe85488f0853ae16239d0bde,0x00000000000000000000000000000000000000000000000000000000000306b0,0x00000000000000000000000000000000000000000000000000000000000306ba
2025-06-27 07:44:11.000000 UTC,0x000000000000000000000000c36442b4a4522e871399cd717abdd847ab11fe88,0x03aeb18bd8970e2667ef715ebcba34d7cef64623d6a58fd7e74bd2c7851c10fb,0x88e6a0c2ddd26feeb64f039a2c41296fcb3f5640,0x000000000000000000000000c36442b4a4522e871399cd717abdd847ab11fe880000000000000000000000000000000000000000000000000000002f52fffc4300000000000000000000000000000000000000000000000000000000000e869e0000000000000000000000000000000000000000000000000003328b93bae590,0x7a53080ba414158be7ec69b987b5fb7d07dee101fe85488f0853ae16239d0bde,0x000000000000000000000000000000000000000000000000000000000002f364,0x0000000000000000000000000000000000000000000000000000000000030e76
2025-06-27 07:55:47.000000 UTC,0x000000000000000000000000a69babef1ca67a37ffaf7a485dfff3382056e78c,0x0c8e4f093d0e6b7e7ea822e55b596dc74c3214f0d0fc869885f82d9bfe68911f,0x88e6a0c2ddd26feeb64f039a2c41296fcb3f5640,0x000000000000000000000000f5a96d43e4b9a2c47f302b54d006d7e20f038658000000000000000000000000000000000000000000000029acc2e7accdcd6533000000000000000000000000000000000000000000000000000000556634a08700000000000000000000000000000000000000000000019d8368e02da02eed92,0x7a53080ba414158be7ec69b987b5fb7d07dee101fe85488f0853ae16239d0bde,0x00000000000000000000000000000000000000000000000000000000000306a6,0x00000000000000000000000000000000000000000000000000000000000306b0
2025-06-27 07:57:59.000000 UTC,0x000000000000000000000000a69babef1ca67a37ffaf7a485dfff3382056e78c,0x1ac5b68c6499949419e52dc0cb3641e9ea413933d5955d3675e950e28a7d1b58,0x88e6a0c2ddd26feeb64f039a2c41296fcb3f5640,0x000000000000000000000000f5a96d43e4b9a2c47f302b54d006d7e20f0386580000000000000000000000000000000000000000000000346c38783176ef01fd000000000000000000000000000000000000000000000000000004c847b5466d00000000000000000000000000000000000000000000019da00777a115b50873,0x7a53080ba414158be7ec69b987b5fb7d07dee101fe85488f0853ae16239d0bde,0x00000000000000000000000000000000000000000000000000000000000306a6,0x00000000000000000000000000000000000000000000000000000000000306b0
2025-06-27 08:03:11.000000 UTC,0x000000000000000000000000c36442b4a4522e871399cd717abdd847ab11fe88,0x3707e3651348d99a3a0b9c688f0631221d7d2654f2f0ef561f396e8401c932fb,0x88e6a0c2ddd26feeb64f039a2c41296fcb3f5640,0x000000000000000000000000c36442b4a4522e871399cd717abdd847ab11fe8800000000000000000000000000000000000000000000000000000c7ff10a84400000000000000000000000000000000000000000000000000000000003dbaef300000000000000000000000000000000000000000000000000300cca61200208,0x7a53080ba414158be7ec69b987b5fb7d07dee101fe85488f0853ae16239d0bde,0x00000000000000000000000000000000000000000000000000000000000302be,0x0000000000000000000000000000000000000000000000000000000000030e76
2025-06-27 08:29:23.000000 UTC,0x0000000000000000000000001f2f10d1c40777ae1da742455c65828ff36df387,0xc8de99d6018f591987b41afa863301ad7516792feca0aa7473fff3e91bf5e7eb,0x88e6a0c2ddd26feeb64f039a2c41296fcb3f5640,0x0000000000000000000000001f2f10d1c40777ae1da742455c65828ff36df3870000000000000000000000000000000000000000000000059a43590000000000000000000000000000000000000000000000000000000000000001648388b58b000000000000000000000000000000000000000000000016ae1eb61cdf594a9e,0x7a53080ba414158be7ec69b987b5fb7d07dee101fe85488f0853ae16239d0bde,0x00000000000000000000000000000000000000000000000000000000000306b0,0x00000000000000000000000000000000000000000000000000000000000306ba
2025-06-27 08:39:47.000000 UTC,0x000000000000000000000000a69babef1ca67a37ffaf7a485dfff3382056e78c,0x925525b02019ac6de07afbf9b05cff0fd90801970d4065ad80187a3c1bce1f8d,0x88e6a0c2ddd26feeb64f039a2c41296fcb3f5640,0x000000000000000000000000f5a96d43e4b9a2c47f302b54d006d7e20f038658000000000000000000000000000000000000000000000042e4d514fff15fe0b700000000000000000000000000000000000000000000000000000a98d5ff58280000000000000000000000000000000000000000000001a1d59e0cfb41ac909c,0x7a53080ba414158be7ec69b987b5fb7d07dee101fe85488f0853ae16239d0bde,0x0000000000000000000000000000000000000000000000000000000000030688,0x0000000000000000000000000000000000000000000000000000000000030692
2025-06-27 08:48:59.000000 UTC,0x000000000000000000000000c36442b4a4522e871399cd717abdd847ab11fe88,0x2e54451956406bbdb11e4f2c098b83fff422a592dc0c0068eca156c66cbc8522,0x88e6a0c2ddd26feeb64f039a2c41296fcb3f5640,0x000000000000000000000000c36442b4a4522e871399cd717abdd847ab11fe8800000000000000000000000000000000000000000000000000012bc21f7939b80000000000000000000000000000000000000000000000000000000005b84088000000000000000000000000000000000000000000000000011c379358ffe872,0x7a53080ba414158be7ec69b987b5fb7d07dee101fe85488f0853ae16239d0bde,0x0000000000000000000000000000000000000000000000000000000000030570,0x00000000000000000000000000000000000000000000000000000000000306d8
2025-06-27 08:49:11.000000 UTC,0x000000000000000000000000c36442b4a4522e871399cd717abdd847ab11fe88,0x7bcb528f41f555556f36f6838c749c6670d3bd73a817faf1cbb948f601901f8e,0x88e6a0c2ddd26feeb64f039a2c41296fcb3f5640,0x000000000000000000000000c36442b4a4522e871399cd717abdd847ab11fe880000000000000000000000000000000000000000000000000641bf8f513ea91b000000000000000000000000000000000000000000000000000000049f37160400000000000000000000000000000000000000000000003cc4e7ca44013a3697,0x7a53080ba414158be7ec69b987b5fb7d07dee101fe85488f0853ae16239d0bde,0x000000000000000000000000000000000000000000000000000000000002fc1a,0x0000000000000000000000000000000000000000000000000000000000030674
2025-06-27 08:50:35.000000 UTC,0x000000000000000000000000c36442b4a4522e871399cd717abdd847ab11fe88,0x494a0f5c54b2cee9a0c5bfa6f6cd17c57f8e0234f09fc19ffe03c99172be459a,0x88e6a0c2ddd26feeb64f039a2c41296fcb3f5640,0x000000000000000000000000c36442b4a4522e871399cd717abdd847ab11fe88000000000000000000000000000000000000000000000000000e3e969af182c50000000000000000000000000000000000000000000000000000000005fe0a410000000000000000000000000000000000000000000000008ac722fe8db3006f,0x7a53080ba414158be7ec69b987b5fb7d07dee101fe85488f0853ae16239d0bde,0x000000000000000000000000000000000000000000000000000000000002fc1a,0x0000000000000000000000000000000000000000000000000000000000030674
2025-06-27 09:01:35.000000 UTC,0x000000000000000000000000c36442b4a4522e871399cd717abdd847ab11fe88,0x9dccbb7875cfd325184cf9493af719145f8468649c7eea2251098bc515216c18,0x88e6a0c2ddd26feeb64f039a2c41296fcb3f5640,0x000000000000000000000000c36442b4a4522e871399cd717abdd847ab11fe880000000000000000000000000000000000000000000000000634e27d326d08ba000000000000000000000000000000000000000000000000000000000000000000000000000000000000000000000000000000000000003d347b5f8c538a2dec,0x7a53080ba414158be7ec69b987b5fb7d07dee101fe85488f0853ae16239d0bde,0x000000000000000000000000000000000000000000000000000000000002fc1a,0x0000000000000000000000000000000000000000000000000000000000030688
2025-06-27 09:02:47.000000 UTC,0x000000000000000000000000c36442b4a4522e871399cd717abdd847ab11fe88,0x58e6ddf1c168f263fc3dd48653469c6b6113b13946bbc77b758ded7c985ac756,0x88e6a0c2ddd26feeb64f039a2c41296fcb3f5640,0x000000000000000000000000c36442b4a4522e871399cd717abdd847ab11fe88000000000000000000000000000000000000000000000000000e12ae0de0b80000000000000000000000000000000000000000000000000000000000000000000000000000000000000000000000000000000000000000008ac7230489e7fb65,0x7a53080ba414158be7ec69b987b5fb7d07dee101fe85488f0853ae16239d0bde,0x000000000000000000000000000000000000000000000000000000000002fc1a,0x0000000000000000000000000000000000000000000000000000000000030688
2025-06-27 09:03:11.000000 UTC,0x000000000000000000000000a69babef1ca67a37ffaf7a485dfff3382056e78c,0xdec2fe330440eb0f24ecdefdf015f127b1881f6c5e617aab19afa67cc82ce410,0x88e6a0c2ddd26feeb64f039a2c41296fcb3f5640,0x000000000000000000000000f5a96d43e4b9a2c47f302b54d006d7e20f03865800000000000000000000000000000000000000000000003660b2553a96a3cd950000000000000000000000000000000000000000000000000000057ad26a099200000000000000000000000000000000000000000000019ff3d5616220765247,0x7a53080ba414158be7ec69b987b5fb7d07dee101fe85488f0853ae16239d0bde,0x0000000000000000000000000000000000000000000000000000000000030688,0x0000000000000000000000000000000000000000000000000000000000030692
2025-06-27 09:34:47.000000 UTC,0x000000000000000000000000a69babef1ca67a37ffaf7a485dfff3382056e78c,0x1a0f3ff60500073e4ebe1a88b24e8d8ff4ae561ec198036b8f5a1f5f268ad871,0x88e6a0c2ddd26feeb64f039a2c41296fcb3f5640,0x000000000000000000000000f5a96d43e4b9a2c47f302b54d006d7e20f0386580000000000000000000000000000000000000000000000377dc86ca409176dc2000000000000000000000000000000000000000000000000000005f36b542ee600000000000000000000000000000000000000000000019f543813ad2dec1ffe,0x7a53080ba414158be7ec69b987b5fb7d07dee101fe85488f0853ae16239d0bde,0x000000000000000000000000000000000000000000000000000000000003066a,0x0000000000000000000000000000000000000000000000000000000000030674
2025-06-27 07:14:47.000000 UTC,0x000000000000000000000000c36442b4a4522e871399cd717abdd847ab11fe88,0x8109e2b11d6193a14c7af25531a044236bdc7c6dd1682415a6a2cc50c78dc4e2,0x88e6a0c2ddd26feeb64f039a2c41296fcb3f5640,0x000000000000000000000000c36442b4a4522e871399cd717abdd847ab11fe88000000000000000000000000000000000000000000000000000035c9c3aca12b0000000000000000000000000000000000000000000000000000000000000000000000000000000000000000000000000000000000000000011c37937e07fcae,0x7a53080ba414158be7ec69b987b5fb7d07dee101fe85488f0853ae16239d0bde,0x000000000000000000000000000000000000000000000000000000000002fe9a,0x0000000000000000000000000000000000000000000000000000000000030430
2025-06-27 07:07:23.000000 UTC,0x000000000000000000000000a69babef1ca67a37ffaf7a485dfff3382056e78c,0xf90995433ce20c2e244783add0beb0b36a93bfcb81a24398eecafba831d2bdd7,0x88e6a0c2ddd26feeb64f039a2c41296fcb3f5640,0x000000000000000000000000f5a96d43e4b9a2c47f302b54d006d7e20f0386580000000000000000000000000000000000000000000000281d5fdfbdff0f33570000000000000000000000000000000000000000000000000000000000000000000000000000000000000000000000000000000000000195445292b0ecb43120,0x7a53080ba414158be7ec69b987b5fb7d07dee101fe85488f0853ae16239d0bde,0x0000000000000000000000000000000000000000000000000000000000030688,0x0000000000000000000000000000000000000000000000000000000000030692
2025-06-27 07:07:47.000000 UTC,0x000000000000000000000000a69babef1ca67a37ffaf7a485dfff3382056e78c,0xf109882c2deb22dadedb55749268775abe9b6a26af2824c89fcec6260f45cb02,0x88e6a0c2ddd26feeb64f039a2c41296fcb3f5640,0x000000000000000000000000f5a96d43e4b9a2c47f302b54d006d7e20f03865800000000000000000000000000000000000000000000002827e922843afcb5c60000000000000000000000000000000000000000000000000000109e08223ca200000000000000000000000000000000000000000000000112d9480b7e9885c7,0x7a53080ba414158be7ec69b987b5fb7d07dee101fe85488f0853ae16239d0bde,0x0000000000000000000000000000000000000000000000000000000000030692,0x000000000000000000000000000000000000000000000000000000000003069c
2025-06-27 07:12:59.000000 UTC,0x000000000000000000000000c36442b4a4522e871399cd717abdd847ab11fe88,0x1eb72ac882cf5bb96cf1bad368985a6b70c1efb4013ce652955d82f0579e5b41,0x88e6a0c2ddd26feeb64f039a2c41296fcb3f5640,0x000000000000000000000000c36442b4a4522e871399cd717abdd847ab11fe880000000000000000000000000000000000000000000000000000236b865172000000000000000000000000000000000000000000000000000000000005f5e1000000000000000000000000000000000000000000000000000051dc1689c1b507,0x7a53080ba414158be7ec69b987b5fb7d07dee101fe85488f0853ae16239d0bde,0x000000000000000000000000000000000000000000000000000000000003043a,0x0000000000000000000000000000000000000000000000000000000000030ab6
2025-06-27 07:25:11.000000 UTC,0x000000000000000000000000d4bc53434c5e12cb41381a556c3c47e1a86e80e3,0xfb194d60728f6e9e1a096b1a10e2ee092f5c907093368aec4935d96f23d9a631,0x88e6a0c2ddd26feeb64f039a2c41296fcb3f5640,0x000000000000000000000000d4bc53434c5e12cb41381a556c3c47e1a86e80e300000000000000000000000000000000000000000000000085478b4e000000000000000000000000000000000000000000000000000000000000003425bc864f0000000000000000000000000000000000000000000000004df4b1091a78a110,0x7a53080ba414158be7ec69b987b5fb7d07dee101fe85488f0853ae16239d0bde,0x000000000000000000000000000000000000000000000000000000000003067e,0x0000000000000000000000000000000000000000000000000000000000030688
2025-06-27 07:15:59.000000 UTC,0x000000000000000000000000c36442b4a4522e871399cd717abdd847ab11fe88,0x0ac2d460d45420bc833319ab34f2a7401bbcd4b5dca9124a5d00ed91589a2681,0x88e6a0c2ddd26feeb64f039a2c41296fcb3f5640,0x000000000000000000000000c36442b4a4522e871399cd717abdd847ab11fe8800000000000000000000000000000000000000000000000000000d313fa83c130000000000000000000000000000000000000000000000000000000005f5e1000000000000000000000000000000000000000000000000000000000000000000,0x7a53080ba414158be7ec69b987b5fb7d07dee101fe85488f0853ae16239d0bde,0x0000000000000000000000000000000000000000000000000000000000030ac0,0x000000000000000000000000000000000000000000000000000000000003172c
2025-06-27 06:28:59.000000 UTC,0x000000000000000000000000c36442b4a4522e871399cd717abdd847ab11fe88,0x04384e49593d3286cb0813c5d94e2d19d25107180bb68166bffb94b949a77f2e,0x88e6a0c2ddd26feeb64f039a2c41296fcb3f5640,0x000000000000000000000000c36442b4a4522e871399cd717abdd847ab11fe88000000000000000000000000000000000000000000000000001df55c04525f8a000000000000000000000000000000000000000000000000000000010e45fdfc0000000000000000000000000000000000000000000000001a0ab47338655dc9,0x7a53080ba414158be7ec69b987b5fb7d07dee101fe85488f0853ae16239d0bde,0x00000000000000000000000000000000000000000000000000000000000305ca,0x0000000000000000000000000000000000000000000000000000000000030782
2025-06-27 07:31:59.000000 UTC,0x000000000000000000000000d4bc53434c5e12cb41381a556c3c47e1a86e80e3,0x26667809ad51280748a20069de9c952820e8ab85d815a7aa45a7acd783b53800,0x88e6a0c2ddd26feeb64f039a2c41296fcb3f5640,0x000000000000000000000000d4bc53434c5e12cb41381a556c3c47e1a86e80e30000000000000000000000000000000000000000000000019ee80400000000000000000000000000000000000000000000000000000000000000005c03b218610000000000000000000000000000000000000000000000079fb2936ad2b7b637,0x7a53080ba414158be7ec69b987b5fb7d07dee101fe85488f0853ae16239d0bde,0x0000000000000000000000000000000000000000000000000000000000030692,0x000000000000000000000000000000000000000000000000000000000003069c
2025-06-27 10:59:11.000000 UTC,0x00000000000000000000000033cb657e7fd57f1f2d5f392fb78d5fa80806d1b4,0x97147291bd084db1178064a64d34228969057b426a49f470a066c828f7c49eb3,0x88e6a0c2ddd26feeb64f039a2c41296fcb3f5640,0x00000000000000000000000033cb657e7fd57f1f2d5f392fb78d5fa80806d1b40000000000000000000000000000000000000000000000000000ce305a0f2ae8000000000000000000000000000000000000000000000000000000014e712ec50000000000000000000000000000000000000000000000001fccc62fcb11ddd8,0x7a53080ba414158be7ec69b987b5fb7d07dee101fe85488f0853ae16239d0bde,0x000000000000000000000000000000000000000000000000000000000002d064,0x0000000000000000000000000000000000000000000000000000000000033cc0
2025-06-27 11:05:35.000000 UTC,0x000000000000000000000000a69babef1ca67a37ffaf7a485dfff3382056e78c,0x9e9d976771b897cf8a926f49be363931895f42a41ea83e7c8017999fb3eb9f96,0x88e6a0c2ddd26feeb64f039a2c41296fcb3f5640,0x000000000000000000000000f5a96d43e4b9a2c47f302b54d006d7e20f038658000000000000000000000000000000000000000000000041d748d0605d9f9293000000000000000000000000000000000000000000000000000010c2e706aad40000000000000000000000000000000000000000000001012e1a00c5b76f545e,0x7a53080ba414158be7ec69b987b5fb7d07dee101fe85488f0853ae16239d0bde,0x0000000000000000000000000000000000000000000000000000000000030688,0x0000000000000000000000000000000000000000000000000000000000030692
2025-06-27 11:19:11.000000 UTC,0x000000000000000000000000c36442b4a4522e871399cd717abdd847ab11fe88,0xc5f3dab860d5898e2b79cfc88734b13ef00d9967e98dc2477d454765f7728565,0x88e6a0c2ddd26feeb64f039a2c41296fcb3f5640,0x000000000000000000000000c36442b4a4522e871399cd717abdd847ab11fe88000000000000000000000000000000000000000000000000000017e3ac31ab3a0000000000000000000000000000000000000000000000000000000002faf080000000000000000000000000000000000000000000000000004d23ddb240ffe9,0x7a53080ba414158be7ec69b987b5fb7d07dee101fe85488f0853ae16239d0bde,0x0000000000000000000000000000000000000000000000000000000000030336,0x000000000000000000000000000000000000000000000000000000000003098a
2025-06-27 11:34:59.000000 UTC,0x000000000000000000000000d4bc53434c5e12cb41381a556c3c47e1a86e80e3,0xb5af39191bf6bcbdd6278bf7ee9ae8f38d14209789ac6691aea1573a3b5861d9,0x88e6a0c2ddd26feeb64f039a2c41296fcb3f5640,0x000000000000000000000000d4bc53434c5e12cb41381a556c3c47e1a86e80e300000000000000000000000000000000000000000000000580ccd000000000000000000000000000000000000000000000000000000000000000001fcdb8c46900000000000000000000000000000000000000000000003498a96946b7cd58cd,0x7a53080ba414158be7ec69b987b5fb7d07dee101fe85488f0853ae16239d0bde,0x0000000000000000000000000000000000000000000000000000000000030692,0x000000000000000000000000000000000000000000000000000000000003069c
2025-06-27 11:42:59.000000 UTC,0x000000000000000000000000c36442b4a4522e871399cd717abdd847ab11fe88,0xdf4b36166e47a189473571620ced299e54ddd762fcf87909fcefb16815d98ea7,0x88e6a0c2ddd26feeb64f039a2c41296fcb3f5640,0x000000000000000000000000c36442b4a4522e871399cd717abdd847ab11fe8800000000000000000000000000000000000000000000000000112333792c7ee70000000000000000000000000000000000000000000000000000000000000000000000000000000000000000000000000000000000000000c249fdd32777f5bc,0x7a53080ba414158be7ec69b987b5fb7d07dee101fe85488f0853ae16239d0bde,0x000000000000000000000000000000000000000000000000000000000002f896,0x00000000000000000000000000000000000000000000000000000000000304f8
2025-06-27 11:43:23.000000 UTC,0x000000000000000000000000a69babef1ca67a37ffaf7a485dfff3382056e78c,0x492e1d218161cf47e109b92e25b92f5620e9629cd90366497ca8cf72fa3e91fe,0x88e6a0c2ddd26feeb64f039a2c41296fcb3f5640,0x000000000000000000000000f5a96d43e4b9a2c47f302b54d006d7e20f038658000000000000000000000000000000000000000000000039ca5a5b076625ab68000000000000000000000000000000000000000000000000000010d34575b6560000000000000000000000000000000000000000000000ae1303c58794618edc,0x7a53080ba414158be7ec69b987b5fb7d07dee101fe85488f0853ae16239d0bde,0x000000000000000000000000000000000000000000000000000000000003069c,0x00000000000000000000000000000000000000000000000000000000000306a6
2025-06-27 11:47:35.000000 UTC,0x000000000000000000000000c36442b4a4522e871399cd717abdd847ab11fe88,0xab747942d07f4b58cb5d9e1075276164737e617b3d3bbdb54f3c5281916de123,0x88e6a0c2ddd26feeb64f039a2c41296fcb3f5640,0x000000000000000000000000c36442b4a4522e871399cd717abdd847ab11fe880000000000000000000000000000000000000000000000000056e1dff521ee72000000000000000000000000000000000000000000000000000000044bd4ac10000000000000000000000000000000000000000000000002ed6689e4f93ff958,0x7a53080ba414158be7ec69b987b5fb7d07dee101fe85488f0853ae16239d0bde,0x000000000000000000000000000000000000000000000000000000000002fd96,0x00000000000000000000000000000000000000000000000000000000000307d2
2025-06-27 11:51:23.000000 UTC,0x000000000000000000000000c36442b4a4522e871399cd717abdd847ab11fe88,0xa1a8e8e028e5fb5dbb0ef2c734d6fd8863dd5e65dcf1778c00712bbcf5192d03,0x88e6a0c2ddd26feeb64f039a2c41296fcb3f5640,0x000000000000000000000000c36442b4a4522e871399cd717abdd847ab11fe880000000000000000000000000000000000000000000000000027513a4b49262700000000000000000000000000000000000000000000000000000002171ecb4b0000000000000000000000000000000000000000000000013f306a23d7870d23,0x7a53080ba414158be7ec69b987b5fb7d07dee101fe85488f0853ae16239d0bde,0x000000000000000000000000000000000000000000000000000000000002fe22,0x00000000000000000000000000000000000000000000000000000000000307e6
2025-06-27 11:56:47.000000 UTC,0x000000000000000000000000a69babef1ca67a37ffaf7a485dfff3382056e78c,0x266ee0abf645e8ef00b04d9cc7adf46f2fbb5445bb1847b5d2856112f2a79195,0x88e6a0c2ddd26feeb64f039a2c41296fcb3f5640,0x000000000000000000000000f5a96d43e4b9a2c47f302b54d006d7e20f03865800000000000000000000000000000000000000000000002d4e1f7ae436bf1165000000000000000000000000000000000000000000000000000001a6e41382180000000000000000000000000000000000000000000001a1ac2f9684cfda26b4,0x7a53080ba414158be7ec69b987b5fb7d07dee101fe85488f0853ae16239d0bde,0x0000000000000000000000000000000000000000000000000000000000030692,0x000000000000000000000000000000000000000000000000000000000003069c
2025-06-27 12:10:59.000000 UTC,0x000000000000000000000000c36442b4a4522e871399cd717abdd847ab11fe88,0x4033258f085e3e0779ada82c50f8a5f212dc3033d609245f34a861c3de63cc69,0x88e6a0c2ddd26feeb64f039a2c41296fcb3f5640,0x000000000000000000000000c36442b4a4522e871399cd717abdd847ab11fe88000000000000000000000000000000000000000000000000000fe1967e95fe3f00000000000000000000000000000000000000000000000000000000d3576dbe00000000000000000000000000000000000000000000000088009813369de45c,0x7a53080ba414158be7ec69b987b5fb7d07dee101fe85488f0853ae16239d0bde,0x000000000000000000000000000000000000000000000000000000000002fd96,0x00000000000000000000000000000000000000000000000000000000000307d2
2025-06-27 12:13:23.000000 UTC,0x000000000000000000000000c36442b4a4522e871399cd717abdd847ab11fe88,0x8139c4188974487e26ced5f7e1e946c01574b916e9243391e1c2e7b277ea5fb7,0x88e6a0c2ddd26feeb64f039a2c41296fcb3f5640,0x000000000000000000000000c36442b4a4522e871399cd717abdd847ab11fe880000000000000000000000000000000000000000000000000004010f581d1526000000000000000000000000000000000000000000000000000000002866088800000000000000000000000000000000000000000000000020db5829fee5cf77,0x7a53080ba414158be7ec69b987b5fb7d07dee101fe85488f0853ae16239d0bde,0x000000000000000000000000000000000000000000000000000000000002fdfa,0x0000000000000000000000000000000000000000000000000000000000030782
2025-06-27 12:15:11.000000 UTC,0x000000000000000000000000c36442b4a4522e871399cd717abdd847ab11fe88,0x7d6757ad01be152fb4637c6652c8f71afe4d8da17b09166d7c19b10bae3c07db,0x88e6a0c2ddd26feeb64f039a2c41296fcb3f5640,0x000000000000000000000000c36442b4a4522e871399cd717abdd847ab11fe880000000000000000000000000000000000000000000000000010723236ad940a00000000000000000000000000000000000000000000000000000000ec1aceea0000000000000000000000000000000000000000000000008458da8749510499,0x7a53080ba414158be7ec69b987b5fb7d07dee101fe85488f0853ae16239d0bde,0x000000000000000000000000000000000000000000000000000000000002fe22,0x00000000000000000000000000000000000000000000000000000000000307e6
2025-06-27 12:18:23.000000 UTC,0x000000000000000000000000c36442b4a4522e871399cd717abdd847ab11fe88,0xc4457e2a6b2b2ca07e43a0a984f7741b54a9dfab57006753412e1c414f0480fd,0x88e6a0c2ddd26feeb64f039a2c41296fcb3f5640,0x000000000000000000000000c36442b4a4522e871399cd717abdd847ab11fe88000000000000000000000000000000000000000000000000000b6297ba38f7ac000000000000000000000000000000000000000000000000000000009b3d98b40000000000000000000000000000000000000000000000006124fee95a9982f0,0x7a53080ba414158be7ec69b987b5fb7d07dee101fe85488f0853ae16239d0bde,0x000000000000000000000000000000000000000000000000000000000002fd96,0x00000000000000000000000000000000000000000000000000000000000307d2
2025-06-27 12:20:35.000000 UTC,0x000000000000000000000000c36442b4a4522e871399cd717abdd847ab11fe88,0xc362370f5759323a80f66da591b8cff2027e75e1880d00a6cc916cc285d318c0,0x88e6a0c2ddd26feeb64f039a2c41296fcb3f5640,0x000000000000000000000000c36442b4a4522e871399cd717abdd847ab11fe8800000000000000000000000000000000000000000000000000051f00272cd997000000000000000000000000000000000000000000000000000000002de53e7c00000000000000000000000000000000000000000000000003e17ad525dbb03c,0x7a53080ba414158be7ec69b987b5fb7d07dee101fe85488f0853ae16239d0bde,0x00000000000000000000000000000000000000000000000000000000000305c0,0x000000000000000000000000000000000000000000000000000000000003075a
2025-06-27 05:08:47.000000 UTC,0x00000000000000000000000033cb657e7fd57f1f2d5f392fb78d5fa80806d1b4,0xf9cbfa4a92103a7ab753752334e8f5e4315a8f161d139356607bf2232bee2512,0x88e6a0c2ddd26feeb64f039a2c41296fcb3f5640,0x00000000000000000000000033cb657e7fd57f1f2d5f392fb78d5fa80806d1b40000000000000000000000000000000000000000000000000000ce0ca7f46046000000000000000000000000000000000000000000000000000000014e410bf90000000000000000000000000000000000000000000000001fc6572c2cfbd4f2,0x7a53080ba414158be7ec69b987b5fb7d07dee101fe85488f0853ae16239d0bde,0x000000000000000000000000000000000000000000000000000000000002d064,0x0000000000000000000000000000000000000000000000000000000000033cc0
2025-06-27 04:04:47.000000 UTC,0x000000000000000000000000a69babef1ca67a37ffaf7a485dfff3382056e78c,0xe440401b80769d26c0b8a8e546d5ea6e0fb87fe26511bdacb4185a59d8f8370b,0x88e6a0c2ddd26feeb64f039a2c41296fcb3f5640,0x000000000000000000000000f5a96d43e4b9a2c47f302b54d006d7e20f03865800000000000000000000000000000000000000000000002f01120db090af8887000000000000000000000000000000000000000000000000000011106b319cd600000000000000000000000000000000000000000000003b62439868bb123cdd,0x7a53080ba414158be7ec69b987b5fb7d07dee101fe85488f0853ae16239d0bde,0x0000000000000000000000000000000000000000000000000000000000030692,0x000000000000000000000000000000000000000000000000000000000003069c
2025-06-27 04:52:47.000000 UTC,0x0000000000000000000000001f2f10d1c40777ae1da742455c65828ff36df387,0x0075c43f94e0a131606e3839451c337cb34ebabcac93e92227f0855bb967cbbb,0x88e6a0c2ddd26feeb64f039a2c41296fcb3f5640,0x0000000000000000000000001f2f10d1c40777ae1da742455c65828ff36df387000000000000000000000000000000000000000000000001f9554a0000000000000000000000000000000000000000000000000000000000000000bd6f39bd1c000000000000000000000000000000000000000000000001da19b228136565f7,0x7a53080ba414158be7ec69b987b5fb7d07dee101fe85488f0853ae16239d0bde,0x00000000000000000000000000000000000000000000000000000000000306ec,0x00000000000000000000000000000000000000000000000000000000000306f6
2025-06-27 04:31:35.000000 UTC,0x000000000000000000000000a69babef1ca67a37ffaf7a485dfff3382056e78c,0xfb77ab8ba93816214ed3ca05a7304ca577d7a61e662e52643ac975b13e4c177e,0x88e6a0c2ddd26feeb64f039a2c41296fcb3f5640,0x000000000000000000000000f5a96d43e4b9a2c47f302b54d006d7e20f03865800000000000000000000000000000000000000000000002c9d1db1845a1d2bb80000000000000000000000000000000000000000000000000000013ce6951edd0000000000000000000000000000000000000000000001a46233d92e85bf1d6e,0x7a53080ba414158be7ec69b987b5fb7d07dee101fe85488f0853ae16239d0bde,0x000000000000000000000000000000000000000000000000000000000003067e,0x0000000000000000000000000000000000000000000000000000000000030688
2025-06-27 03:18:23.000000 UTC,0x000000000000000000000000c36442b4a4522e871399cd717abdd847ab11fe88,0x9fd83f484f86f80d3030b882b6ee1308b6165eb5ffcd4cc8621b4d9ddc46980d,0x88e6a0c2ddd26feeb64f039a2c41296fcb3f5640,0x000000000000000000000000c36442b4a4522e871399cd717abdd847ab11fe8800000000000000000000000000000000000000000000000000003001f85e09ab000000000000000000000000000000000000000000000000000000000a40830000000000000000000000000000000000000000000000000001557a33c9f24fc8,0x7a53080ba414158be7ec69b987b5fb7d07dee101fe85488f0853ae16239d0bde,0x000000000000000000000000000000000000000000000000000000000002ff58,0x0000000000000000000000000000000000000000000000000000000000030c0a
2025-06-27 04:55:59.000000 UTC,0x000000000000000000000000c36442b4a4522e871399cd717abdd847ab11fe88,0x82097909e4ebfe19fe609514cd773122a9b22cf32c612d85982f92ec906e3649,0x88e6a0c2ddd26feeb64f039a2c41296fcb3f5640,0x000000000000000000000000c36442b4a4522e871399cd717abdd847ab11fe88000000000000000000000000000000000000000000000000000019b9aaa5a1550000000000000000000000000000000000000000000000000000000002f79dc5000000000000000000000000000000000000000000000000001fd241d69b7f80,0x7a53080ba414158be7ec69b987b5fb7d07dee101fe85488f0853ae16239d0bde,0x0000000000000000000000000000000000000000000000000000000000030548,0x0000000000000000000000000000000000000000000000000000000000030958
2025-06-27 04:54:23.000000 UTC,0x000000000000000000000000c36442b4a4522e871399cd717abdd847ab11fe88,0x1f437458267462531b1ba6616e978316e991f0565741556c57d921fc8ba3e7b6,0x88e6a0c2ddd26feeb64f039a2c41296fcb3f5640,0x000000000000000000000000c36442b4a4522e871399cd717abdd847ab11fe8800000000000000000000000000000000000000000000000000054dcc1cbfd6aa000000000000000000000000000000000000000000000000000000009cfebd72000000000000000000000000000000000000000000000000068646d7abbf2784,0x7a53080ba414158be7ec69b987b5fb7d07dee101fe85488f0853ae16239d0bde,0x0000000000000000000000000000000000000000000000000000000000030548,0x0000000000000000000000000000000000000000000000000000000000030958
2025-06-27 01:45:47.000000 UTC,0x000000000000000000000000d4bc53434c5e12cb41381a556c3c47e1a86e80e3,0xbd7e825314488e99ff275431e97a2262aec7a956ec257d19c54d2fa2ed317d4c,0x88e6a0c2ddd26feeb64f039a2c41296fcb3f5640,0x000000000000000000000000d4bc53434c5e12cb41381a556c3c47e1a86e80e3000000000000000000000000000000000000000000000001edac400000000000000000000000000000000000000000000000000000000000000000a15f77daf7000000000000000000000000000000000000000000000004183540c32a003c36,0x7a53080ba414158be7ec69b987b5fb7d07dee101fe85488f0853ae16239d0bde,0x00000000000000000000000000000000000000000000000000000000000306d8,0x00000000000000000000000000000000000000000000000000000000000306e2
2025-06-27 02:06:35.000000 UTC,0x000000000000000000000000d4bc53434c5e12cb41381a556c3c47e1a86e80e3,0x17c24d420af24c65e6a8096ff167fb27ae42e99d9ee7fe3636cf8bb44df9882e,0x88e6a0c2ddd26feeb64f039a2c41296fcb3f5640,0x000000000000000000000000d4bc53434c5e12cb41381a556c3c47e1a86e80e3000000000000000000000000000000000000000000000001a7e04b00000000000000000000000000000000000000000000000000000000000000009b7047a3de000000000000000000000000000000000000000000000001e45cda1266cafbfb,0x7a53080ba414158be7ec69b987b5fb7d07dee101fe85488f0853ae16239d0bde,0x00000000000000000000000000000000000000000000000000000000000306e2,0x00000000000000000000000000000000000000000000000000000000000306ec
2025-06-27 13:03:47.000000 UTC,0x000000000000000000000000d4bc53434c5e12cb41381a556c3c47e1a86e80e3,0xfd38c688142ca833dae902262389e099964a8a67f254513404547c6b8c79547e,0x88e6a0c2ddd26feeb64f039a2c41296fcb3f5640,0x000000000000000000000000d4bc53434c5e12cb41381a556c3c47e1a86e80e3000000000000000000000000000000000000000000000001bca1a10000000000000000000000000000000000000000000000000000000000000000802b2100b300000000000000000000000000000000000000000000000555477f8dc48fd22e,0x7a53080ba414158be7ec69b987b5fb7d07dee101fe85488f0853ae16239d0bde,0x00000000000000000000000000000000000000000000000000000000000306d8,0x00000000000000000000000000000000000000000000000000000000000306e2
2025-06-27 14:11:59.000000 UTC,0x000000000000000000000000c36442b4a4522e871399cd717abdd847ab11fe88,0x4de6fc3b7a6d61fe62130184c8326fc592b6da0607af143d1625a63ddba7c744,0x88e6a0c2ddd26feeb64f039a2c41296fcb3f5640,0x000000000000000000000000c36442b4a4522e871399cd717abdd847ab11fe880000000000000000000000000000000000000000000000000000ac5ef817be41000000000000000000000000000000000000000000000000000000001cda2b3f00000000000000000000000000000000000000000000000005db360982d2b713,0x7a53080ba414158be7ec69b987b5fb7d07dee101fe85488f0853ae16239d0bde,0x000000000000000000000000000000000000000000000000000000000002fdbe,0x0000000000000000000000000000000000000000000000000000000000030afc
2025-06-27 13:37:23.000000 UTC,0x000000000000000000000000d4bc53434c5e12cb41381a556c3c47e1a86e80e3,0x4f5a128703c98ebbdb3dc1c98387548b828d7e30e125b89bc1856bda71926610,0x88e6a0c2ddd26feeb64f039a2c41296fcb3f5640,0x000000000000000000000000d4bc53434c5e12cb41381a556c3c47e1a86e80e300000000000000000000000000000000000000000000000262590100000000000000000000000000000000000000000000000000000000000000006c21cf3b1900000000000000000000000000000000000000000000000dd0fa14142f293bdf,0x7a53080ba414158be7ec69b987b5fb7d07dee101fe85488f0853ae16239d0bde,0x00000000000000000000000000000000000000000000000000000000000306ce,0x00000000000000000000000000000000000000000000000000000000000306d8
2025-06-27 12:32:35.000000 UTC,0x000000000000000000000000c36442b4a4522e871399cd717abdd847ab11fe88,0xdfbb338a0929717b111157138a3dac5fc507a16f9fd168e2d72dde399283fd29,0x88e6a0c2ddd26feeb64f039a2c41296fcb3f5640,0x000000000000000000000000c36442b4a4522e871399cd717abdd847ab11fe880000000000000000000000000000000000000000000000000000086103b561970000000000000000000000000000000000000000000000000000000000755f44000000000000000000000000000000000000000000000000002dfe16750c3ee8,0x7a53080ba414158be7ec69b987b5fb7d07dee101fe85488f0853ae16239d0bde,0x0000000000000000000000000000000000000000000000000000000000030110,0x0000000000000000000000000000000000000000000000000000000000030804
2025-06-27 13:56:59.000000 UTC,0x000000000000000000000000c36442b4a4522e871399cd717abdd847ab11fe88,0x0d3f42f33348ee5964bc624b264becc9d6edb551cec2e7abd9674cb0e2ae2814,0x88e6a0c2ddd26feeb64f039a2c41296fcb3f5640,0x000000000000000000000000c36442b4a4522e871399cd717abdd847ab11fe8800000000000000000000000000000000000000000000000000001caf5d4fea9b0000000000000000000000000000000000000000000000000000000002faf0800000000000000000000000000000000000000000000000000085116cd3617b21,0x7a53080ba414158be7ec69b987b5fb7d07dee101fe85488f0853ae16239d0bde,0x0000000000000000000000000000000000000000000000000000000000030232,0x0000000000000000000000000000000000000000000000000000000000030976
2025-06-27 14:05:11.000000 UTC,0x000000000000000000000000c36442b4a4522e871399cd717abdd847ab11fe88,0x52ce2c58ab17bbfd04566acaef8e8cf31eb9bb89e8692255f761163b7e72df96,0x88e6a0c2ddd26feeb64f039a2c41296fcb3f5640,0x000000000000000000000000c36442b4a4522e871399cd717abdd847ab11fe880000000000000000000000000000000000000000000000000000023f1d8a4ef300000000000000000000000000000000000000000000000000000000008bdf160000000000000000000000000000000000000000000000000000000000000000,0x7a53080ba414158be7ec69b987b5fb7d07dee101fe85488f0853ae16239d0bde,0x0000000000000000000000000000000000000000000000000000000000030714,0x0000000000000000000000000000000000000000000000000000000000030d36
2025-06-27 14:15:35.000000 UTC,0x000000000000000000000000c36442b4a4522e871399cd717abdd847ab11fe88,0xf2d546f5d05608d6312f016edf110bfed08fd0f0dd7277ef7e30575633ab114c,0x88e6a0c2ddd26feeb64f039a2c41296fcb3f5640,0x000000000000000000000000c36442b4a4522e871399cd717abdd847ab11fe8800000000000000000000000000000000000000000000000000019424f400dc0f00000000000000000000000000000000000000000000000000000000421d263b0000000000000000000000000000000000000000000000000de0b6b3a3d375a6,0x7a53080ba414158be7ec69b987b5fb7d07dee101fe85488f0853ae16239d0bde,0x000000000000000000000000000000000000000000000000000000000002fdbe,0x0000000000000000000000000000000000000000000000000000000000030afc
2025-06-27 13:55:59.000000 UTC,0x000000000000000000000000c36442b4a4522e871399cd717abdd847ab11fe88,0xa4c5c31da0deb9c4e4ddd44d088ea95861535634263e28bfc28a02e51be96853,0x88e6a0c2ddd26feeb64f039a2c41296fcb3f5640,0x000000000000000000000000c36442b4a4522e871399cd717abdd847ab11fe88000000000000000000000000000000000000000000000000000727284350e376000000000000000000000000000000000000000000000000000000012a05f2000000000000000000000000000000000000000000000000003f06e4800581101c,0x7a53080ba414158be7ec69b987b5fb7d07dee101fe85488f0853ae16239d0bde,0x000000000000000000000000000000000000000000000000000000000002fdbe,0x0000000000000000000000000000000000000000000000000000000000030afc
2025-06-27 12:25:23.000000 UTC,0x000000000000000000000000c36442b4a4522e871399cd717abdd847ab11fe88,0xe65761d76d3d78f93ee40f6c624b07310aa722b7a2bb821467b7dd32dfe6cdaa,0x88e6a0c2ddd26feeb64f039a2c41296fcb3f5640,0x000000000000000000000000c36442b4a4522e871399cd717abdd847ab11fe8800000000000000000000000000000000000000000000000000001f5d5244ebc80000000000000000000000000000000000000000000000000000000002faf080000000000000000000000000000000000000000000000000002f44f6daa45a65,0x7a53080ba414158be7ec69b987b5fb7d07dee101fe85488f0853ae16239d0bde,0x00000000000000000000000000000000000000000000000000000000000304ee,0x00000000000000000000000000000000000000000000000000000000000308c2
2025-06-27 13:59:35.000000 UTC,0x0000000000000000000000001f2f10d1c40777ae1da742455c65828ff36df387,0x1e49fa2be8e13d40131c244e30194b2879fe5e0a9af98b99be04215d95140f29,0x88e6a0c2ddd26feeb64f039a2c41296fcb3f5640,0x0000000000000000000000001f2f10d1c40777ae1da742455c65828ff36df38700000000000000000000000000000000000000000000000231bb5f0000000000000000000000000000000000000000000000000000000000000000b2404a00a200000000000000000000000000000000000000000000000519e60156c5f44566,0x7a53080ba414158be7ec69b987b5fb7d07dee101fe85488f0853ae16239d0bde,0x0000000000000000000000000000000000000000000000000000000000030750,0x000000000000000000000000000000000000000000000000000000000003075a
2025-06-27 14:19:23.000000 UTC,0x0000000000000000000000001f2f10d1c40777ae1da742455c65828ff36df387,0x52ad0ba93f2634761f6a90128550a2e46aad114aba437d5a1e7e2680452d380e,0x88e6a0c2ddd26feeb64f039a2c41296fcb3f5640,0x0000000000000000000000001f2f10d1c40777ae1da742455c65828ff36df3870000000000000000000000000000000000000000000000035f9906000000000000000000000000000000000000000000000000000000000000000161b0b9e7f400000000000000000000000000000000000000000000000045f6f1149babaedf,0x7a53080ba414158be7ec69b987b5fb7d07dee101fe85488f0853ae16239d0bde,0x00000000000000000000000000000000000000000000000000000000000306f6,0x0000000000000000000000000000000000000000000000000000000000030700
2025-06-27 12:55:11.000000 UTC,0x000000000000000000000000c36442b4a4522e871399cd717abdd847ab11fe88,0xcf0e1dc448b6443844bf7ce2dda3179f5d79d0909eb557c9196fc3b1042fad6b,0x88e6a0c2ddd26feeb64f039a2c41296fcb3f5640,0x000000000000000000000000c36442b4a4522e871399cd717abdd847ab11fe8800000000000000000000000000000000000000000000000000000033da2242320000000000000000000000000000000000000000000000000000000000a7c6f30000000000000000000000000000000000000000000000000010066a5be65220,0x7a53080ba414158be7ec69b987b5fb7d07dee101fe85488f0853ae16239d0bde,0xfffffffffffffffffffffffffffffffffffffffffffffffffffffffffff2761a,0x00000000000000000000000000000000000000000000000000000000000d89e6
2025-06-27 09:13:23.000000 UTC,0x000000000000000000000000a69babef1ca67a37ffaf7a485dfff3382056e78c,0x4deb0df00f5dc120e109fbd4e488cf368fcb423e559cb9658aad21492df950ba,0x88e6a0c2ddd26feeb64f039a2c41296fcb3f5640,0x000000000000000000000000f5a96d43e4b9a2c47f302b54d006d7e20f038658000000000000000000000000000000000000000000000046168c1f5a9a9d5d1e00000000000000000000000000000000000000000000000000000be3151840d80000000000000000000000000000000000000000000001a2c4c3906fdc1cd7fa,0x7a53080ba414158be7ec69b987b5fb7d07dee101fe85488f0853ae16239d0bde,0x0000000000000000000000000000000000000000000000000000000000030692,0x000000000000000000000000000000000000000000000000000000000003069c
2025-06-27 09:47:11.000000 UTC,0x000000000000000000000000d4bc53434c5e12cb41381a556c3c47e1a86e80e3,0x572e990d6127af7f410d4d606c409e4e6b17ceb2d13594849e2d64b83215ea4d,0x88e6a0c2ddd26feeb64f039a2c41296fcb3f5640,0x000000000000000000000000d4bc53434c5e12cb41381a556c3c47e1a86e80e3000000000000000000000000000000000000000000000004038a8a00000000000000000000000000000000000000000000000000000000000000004ae532516000000000000000000000000000000000000000000000002163651eda768836cb,0x7a53080ba414158be7ec69b987b5fb7d07dee101fe85488f0853ae16239d0bde,0x000000000000000000000000000000000000000000000000000000000003066a,0x0000000000000000000000000000000000000000000000000000000000030674
2025-06-27 09:47:11.000000 UTC,0x000000000000000000000000a69babef1ca67a37ffaf7a485dfff3382056e78c,0x7dbe118163a0d4eb36df8802b35d4ed77658fdb0f16171dbe21408778dd84d59,0x88e6a0c2ddd26feeb64f039a2c41296fcb3f5640,0x000000000000000000000000f5a96d43e4b9a2c47f302b54d006d7e20f038658000000000000000000000000000000000000000000000031951c2fb6278b498a0000000000000000000000000000000000000000000000000000036be4d516e00000000000000000000000000000000000000000000001a11d316319246536b6,0x7a53080ba414158be7ec69b987b5fb7d07dee101fe85488f0853ae16239d0bde,0x000000000000000000000000000000000000000000000000000000000003066a,0x0000000000000000000000000000000000000000000000000000000000030674
2025-06-27 10:17:59.000000 UTC,0x000000000000000000000000c36442b4a4522e871399cd717abdd847ab11fe88,0x1ef5a3345dc207614b00c54690b0f6bd122e93c9e2f073b28cd293dd0d723219,0x88e6a0c2ddd26feeb64f039a2c41296fcb3f5640,0x000000000000000000000000c36442b4a4522e871399cd717abdd847ab11fe8800000000000000000000000000000000000000000000000000005a4adf2f590d0000000000000000000000000000000000000000000000000000000004d5643300000000000000000000000000000000000000000000000001ae884e0267251c,0x7a53080ba414158be7ec69b987b5fb7d07dee101fe85488f0853ae16239d0bde,0x000000000000000000000000000000000000000000000000000000000003019c,0x00000000000000000000000000000000000000000000000000000000000307c8
2025-06-27 10:15:35.000000 UTC,0x000000000000000000000000c36442b4a4522e871399cd717abdd847ab11fe88,0x5566d7e3d01572b38855b4cb000f9f8054c7802c404978784bc56931a09eda45,0x88e6a0c2ddd26feeb64f039a2c41296fcb3f5640,0x000000000000000000000000c36442b4a4522e871399cd717abdd847ab11fe880000000000000000000000000000000000000000000000000000027880e308980000000000000000000000000000000000000000000000000000000000970fe00000000000000000000000000000000000000000000000000000000000000000,0x7a53080ba414158be7ec69b987b5fb7d07dee101fe85488f0853ae16239d0bde,0x0000000000000000000000000000000000000000000000000000000000030e76,0x000000000000000000000000000000000000000000000000000000000003151a
2025-06-27 05:40:35.000000 UTC,0x000000000000000000000000a69babef1ca67a37ffaf7a485dfff3382056e78c,0xd09c40a35d08cd792941a9f35ee813821cd7eb268844a63572591afa42706e7a,0x88e6a0c2ddd26feeb64f039a2c41296fcb3f5640,0x000000000000000000000000f5a96d43e4b9a2c47f302b54d006d7e20f038658000000000000000000000000000000000000000000000031ea7ec3bc293cb24100000000000000000000000000000000000000000000000000000381301d2cbb0000000000000000000000000000000000000000000001a3a0a0f1447513be89,0x7a53080ba414158be7ec69b987b5fb7d07dee101fe85488f0853ae16239d0bde,0x00000000000000000000000000000000000000000000000000000000000306b0,0x00000000000000000000000000000000000000000000000000000000000306ba
2025-06-27 05:58:59.000000 UTC,0x000000000000000000000000a69babef1ca67a37ffaf7a485dfff3382056e78c,0x0812fa4e3585dd60180165ac272c56310ee4e0ad50f12a44c92b963bc495c104,0x88e6a0c2ddd26feeb64f039a2c41296fcb3f5640,0x000000000000000000000000f5a96d43e4b9a2c47f302b54d006d7e20f03865800000000000000000000000000000000000000000000003ae09c011b76e7d9a6000000000000000000000000000000000000000000000000000010dae33eb6ca0000000000000000000000000000000000000000000000b81c7455e258bbbb13,0x7a53080ba414158be7ec69b987b5fb7d07dee101fe85488f0853ae16239d0bde,0x00000000000000000000000000000000000000000000000000000000000306b0,0x00000000000000000000000000000000000000000000000000000000000306ba
2025-06-27 05:41:23.000000 UTC,0x000000000000000000000000c36442b4a4522e871399cd717abdd847ab11fe88,0x6f983008cc1190c06f6bc0c33806e0ffdcd444bd98d6c105e779ae726e0613ab,0x88e6a0c2ddd26feeb64f039a2c41296fcb3f5640,0x000000000000000000000000c36442b4a4522e871399cd717abdd847ab11fe880000000000000000000000000000000000000000000000000006c9457789cd5b0000000000000000000000000000000000000000000000000000000118c27cb80000000000000000000000000000000000000000000000001ad3e3fc90a3b127,0x7a53080ba414158be7ec69b987b5fb7d07dee101fe85488f0853ae16239d0bde,0x00000000000000000000000000000000000000000000000000000000000302be,0x0000000000000000000000000000000000000000000000000000000000030ac0
2025-06-27 06:00:35.000000 UTC,0x000000000000000000000000a69babef1ca67a37ffaf7a485dfff3382056e78c,0x40d724fa381cfa75d16fcc223dab70b774adad91879aa53694ac72df218fe971,0x88e6a0c2ddd26feeb64f039a2c41296fcb3f5640,0x000000000000000000000000f5a96d43e4b9a2c47f302b54d006d7e20f0386580000000000000000000000000000000000000000000000382665514462b3ec98000000000000000000000000000000000000000000000000000010d59d6661ab00000000000000000000000000000000000000000000009d0312cac9bb26a2e2,0x7a53080ba414158be7ec69b987b5fb7d07dee101fe85488f0853ae16239d0bde,0x00000000000000000000000000000000000000000000000000000000000306b0,0x00000000000000000000000000000000000000000000000000000000000306ba
2025-06-27 05:31:35.000000 UTC,0x000000000000000000000000a69babef1ca67a37ffaf7a485dfff3382056e78c,0x35b25055436d1934f35367e3432c40d5a5d14f25ae719b094640f10e840ca1ff,0x88e6a0c2ddd26feeb64f039a2c41296fcb3f5640,0x000000000000000000000000f5a96d43e4b9a2c47f302b54d006d7e20f038658000000000000000000000000000000000000000000000029f79edfefa0b8a99b00000000000000000000000000000000000000000000000000000037005192bc0000000000000000000000000000000000000000000001a394347bd01a2b6339,0x7a53080ba414158be7ec69b987b5fb7d07dee101fe85488f0853ae16239d0bde,0x00000000000000000000000000000000000000000000000000000000000306b0,0x00000000000000000000000000000000000000000000000000000000000306ba
2025-06-27 06:01:11.000000 UTC,0x0000000000000000000000001f2f10d1c40777ae1da742455c65828ff36df387,0x3de415af377c227d9478b62e02720bc7863b416864e4782024a8822d7790874f,0x88e6a0c2ddd26feeb64f039a2c41296fcb3f5640,0x0000000000000000000000001f2f10d1c40777ae1da742455c65828ff36df3870000000000000000000000000000000000000000000000039bf1e60000000000000000000000000000000000000000000000000000000000000000b030dc6794000000000000000000000000000000000000000000000013bac3a6f5d6de2015,0x7a53080ba414158be7ec69b987b5fb7d07dee101fe85488f0853ae16239d0bde,0x000000000000000000000000000000000000000000000000000000000003071e,0x0000000000000000000000000000000000000000000000000000000000030728
2025-06-27 06:12:59.000000 UTC,0x0000000000000000000000001f2f10d1c40777ae1da742455c65828ff36df387,0xd5bb0fcff741461e8475411b29bc0f7ccada17494a03d3384aa08ad0719358dd,0x88e6a0c2ddd26feeb64f039a2c41296fcb3f5640,0x0000000000000000000000001f2f10d1c40777ae1da742455c65828ff36df3870000000000000000000000000000000000000000000000076f68f0000000000000000000000000000000000000000000000000000000000000000078540a85a500000000000000000000000000000000000000000000003fc004c35c19869942,0x7a53080ba414158be7ec69b987b5fb7d07dee101fe85488f0853ae16239d0bde,0x00000000000000000000000000000000000000000000000000000000000306a6,0x00000000000000000000000000000000000000000000000000000000000306b0