,pool_name,pool_id,timestamp,tvlUsd
0,DAI-USDC-USDT,25171c4c-1877-449a-9f88-45a9f153ee31,2025-05-01,175508228
1,DAI-USDC-USDT,25171c4c-1877-449a-9f88-45a9f153ee31,2025-05-02,175492317
2,DAI-USDC-USDT,25171c4c-1877-449a-9f88-45a9f153ee31,2025-05-03,175114027
3,DAI-USDC-USDT,25171c4c-1877-449a-9f88-45a9f153ee31,2025-05-04,175365655
4,DAI-USDC-USDT,25171c4c-1877-449a-9f88-45a9f153ee31,2025-05-05,175832607
5,DAI-USDC-USDT,25171c4c-1877-449a-9f88-45a9f153ee31,2025-05-06,175060828
6,DAI-USDC-USDT,25171c4c-1877-449a-9f88-45a9f153ee31,2025-05-07,175418635
7,DAI-USDC-USDT,25171c4c-1877-449a-9f88-45a9f153ee31,2025-05-08,175964043
8,DAI-USDC-USDT,25171c4c-1877-449a-9f88-45a9f153ee31,2025-05-09,176070233
9,DAI-USDC-USDT,25171c4c-1877-449a-9f88-45a9f153ee31,2025-05-10,176171369
10,DAI-USDC-USDT,25171c4c-1877-449a-9f88-45a9f153ee31,2025-05-11,177288961
11,DAI-USDC-USDT,25171c4c-1877-449a-9f88-45a9f153ee31,2025-05-12,178502695
12,DAI-USDC-USDT,25171c4c-1877-449a-9f88-45a9f153ee31,2025-05-13,178375927
13,DAI-USDC-USDT,25171c4c-1877-449a-9f88-45a9f153ee31,2025-05-14,178411372
14,DAI-USDC-USDT,25171c4c-1877-449a-9f88-45a9f153ee31,2025-05-15,179242061
15,DAI-USDC-USDT,25171c4c-1877-449a-9f88-45a9f153ee31,2025-05-16,179385957
16,DAI-USDC-USDT,25171c4c-1877-449a-9f88-45a9f153ee31,2025-05-17,179508264
17,DAI-USDC-USDT,25171c4c-1877-449a-9f88-45a9f153ee31,2025-05-18,179644576
18,DAI-USDC-USDT,25171c4c-1877-449a-9f88-45a9f153ee31,2025-05-19,180306239
19,DAI-USDC-USDT,25171c4c-1877-449a-9f88-45a9f153ee31,2025-05-20,180803602
20,DAI-USDC-USDT,25171c4c-1877-449a-9f88-45a9f153ee31,2025-05-21,180725028
21,DAI-USDC-USDT,25171c4c-1877-449a-9f88-45a9f153ee31,2025-05-22,180771605
22,DAI-USDC-USDT,25171c4c-1877-449a-9f88-45a9f153ee31,2025-05-23,181111841
23,DAI-USDC-USDT,25171c4c-1877-449a-9f88-45a9f153ee31,2025-05-24,180019116
24,DAI-USDC-USDT,25171c4c-1877-449a-9f88-45a9f153ee31,2025-05-25,180918665
25,DAI-USDC-USDT,25171c4c-1877-449a-9f88-45a9f153ee31,2025-05-26,183710015
26,DAI-USDC-USDT,25171c4c-1877-449a-9f88-45a9f153ee31,2025-05-27,183829125
27,DAI-USDC-USDT,25171c4c-1877-449a-9f88-45a9f153ee31,2025-05-28,184690140
28,DAI-USDC-USDT,25171c4c-1877-449a-9f88-45a9f153ee31,2025-05-29,184430278
29,DAI-USDC-USDT,25171c4c-1877-449a-9f88-45a9f153ee31,2025-05-30,184376337
30,DAI-USDC-USDT,25171c4c-1877-449a-9f88-45a9f153ee31,2025-05-31,184122729
31,DAI-USDC-USDT,25171c4c-1877-449a-9f88-45a9f153ee31,2025-06-01,184002286
32,DAI-USDC-USDT,25171c4c-1877-449a-9f88-45a9f153ee31,2025-06-02,183968999
33,DAI-USDC-USDT,25171c4c-1877-449a-9f88-45a9f153ee31,2025-06-03,183521539
34,DAI-USDC-USDT,25171c4c-1877-449a-9f88-45a9f153ee31,2025-06-04,182801180
35,DAI-USDC-USDT,25171c4c-1877-449a-9f88-45a9f153ee31,2025-06-05,182347968
36,DAI-USDC-USDT,25171c4c-1877-449a-9f88-45a9f153ee31,2025-06-06,182155515
37,USD0-USD0++,bc58a174-05f8-4e41-8f77-be9c13a614bf,2025-05-01,81779622
38,USD0-USD0++,bc58a174-05f8-4e41-8f77-be9c13a614bf,2025-05-02,82658324
39,USD0-USD0++,bc58a174-05f8-4e41-8f77-be9c13a614bf,2025-05-03,82055359
40,USD0-USD0++,bc58a174-05f8-4e41-8f77-be9c13a614bf,2025-05-04,83918404
41,USD0-USD0++,bc58a174-05f8-4e41-8f77-be9c13a614bf,2025-05-05,86086904
42,USD0-USD0++,bc58a174-05f8-4e41-8f77-be9c13a614bf,2025-05-06,86933378
43,USD0-USD0++,bc58a174-05f8-4e41-8f77-be9c13a614bf,2025-05-07,86913583
44,USD0-USD0++,bc58a174-05f8-4e41-8f77-be9c13a614bf,2025-05-08,86565306
45,USD0-USD0++,bc58a174-05f8-4e41-8f77-be9c13a614bf,2025-05-09,86739684
46,USD0-USD0++,bc58a174-05f8-4e41-8f77-be9c13a614bf,2025-05-10,87682542
47,USD0-USD0++,bc58a174-05f8-4e41-8f77-be9c13a614bf,2025-05-11,89240113
48,USD0-USD0++,bc58a174-05f8-4e41-8f77-be9c13a614bf,2025-05-12,87975412
49,USD0-USD0++,bc58a174-05f8-4e41-8f77-be9c13a614bf,2025-05-13,87398372
50,USD0-USD0++,bc58a174-05f8-4e41-8f77-be9c13a614bf,2025-05-14,89821814
51,USD0-USD0++,bc58a174-05f8-4e41-8f77-be9c13a614bf,2025-05-15,89488539
52,USD0-USD0++,bc58a174-05f8-4e41-8f77-be9c13a614bf,2025-05-16,90095883
53,USD0-USD0++,bc58a174-05f8-4e41-8f77-be9c13a614bf,2025-05-17,89928502
54,USD0-USD0++,bc58a174-05f8-4e41-8f77-be9c13a614bf,2025-05-18,89933852
55,USD0-USD0++,bc58a174-05f8-4e41-8f77-be9c13a614bf,2025-05-19,89440973
56,USD0-USD0++,bc58a174-05f8-4e41-8f77-be9c13a614bf,2025-05-20,89241050
57,USD0-USD0++,bc58a174-05f8-4e41-8f77-be9c13a614bf,2025-05-21,89346010
58,USD0-USD0++,bc58a174-05f8-4e41-8f77-be9c13a614bf,2025-05-22,89272145
59,USD0-USD0++,bc58a174-05f8-4e41-8f77-be9c13a614bf,2025-05-23,77845065
60,USD0-USD0++,bc58a174-05f8-4e41-8f77-be9c13a614bf,2025-05-24,77746534
61,USD0-USD0++,bc58a174-05f8-4e41-8f77-be9c13a614bf,2025-05-25,74388506
62,USD0-USD0++,bc58a174-05f8-4e41-8f77-be9c13a614bf,2025-05-26,74359232
63,USD0-USD0++,bc58a174-05f8-4e41-8f77-be9c13a614bf,2025-05-27,74294794
64,USD0-USD0++,bc58a174-05f8-4e41-8f77-be9c13a614bf,2025-05-28,76352669
65,USD0-USD0++,bc58a174-05f8-4e41-8f77-be9c13a614bf,2025-05-29,76703104
66,USD0-USD0++,bc58a174-05f8-4e41-8f77-be9c13a614bf,2025-05-30,79942463
67,USD0-USD0++,bc58a174-05f8-4e41-8f77-be9c13a614bf,2025-05-31,79398572
68,USD0-USD0++,bc58a174-05f8-4e41-8f77-be9c13a614bf,2025-06-01,79373451
69,USD0-USD0++,bc58a174-05f8-4e41-8f77-be9c13a614bf,2025-06-02,78921226
70,USD0-USD0++,bc58a174-05f8-4e41-8f77-be9c13a614bf,2025-06-03,79012695
71,USD0-USD0++,bc58a174-05f8-4e41-8f77-be9c13a614bf,2025-06-04,79542238
72,USD0-USD0++,bc58a174-05f8-4e41-8f77-be9c13a614bf,2025-06-05,79735043
73,USD0-USD0++,bc58a174-05f8-4e41-8f77-be9c13a614bf,2025-06-06,78988681
74,FRAX-USDE,12ca9565-0369-404e-b209-631305e4012a,2025-05-01,68011638
75,FRAX-USDE,12ca9565-0369-404e-b209-631305e4012a,2025-05-02,68011759
76,FRAX-USDE,12ca9565-0369-404e-b209-631305e4012a,2025-05-03,68010411
77,FRAX-USDE,12ca9565-0369-404e-b209-631305e4012a,2025-05-04,67991448
78,FRAX-USDE,12ca9565-0369-404e-b209-631305e4012a,2025-05-05,67974490
79,FRAX-USDE,12ca9565-0369-404e-b209-631305e4012a,2025-05-06,67990100
80,FRAX-USDE,12ca9565-0369-404e-b209-631305e4012a,2025-05-07,67893123
81,FRAX-USDE,12ca9565-0369-404e-b209-631305e4012a,2025-05-08,67908796
82,FRAX-USDE,12ca9565-0369-404e-b209-631305e4012a,2025-05-09,67919384
83,FRAX-USDE,12ca9565-0369-404e-b209-631305e4012a,2025-05-10,67939184
84,FRAX-USDE,12ca9565-0369-404e-b209-631305e4012a,2025-05-11,67911300
85,FRAX-USDE,12ca9565-0369-404e-b209-631305e4012a,2025-05-12,67909951
86,FRAX-USDE,12ca9565-0369-404e-b209-631305e4012a,2025-05-13,67927849
87,FRAX-USDE,12ca9565-0369-404e-b209-631305e4012a,2025-05-14,67897518
88,FRAX-USDE,12ca9565-0369-404e-b209-631305e4012a,2025-05-15,67881976
89,FRAX-USDE,12ca9565-0369-404e-b209-631305e4012a,2025-05-16,67907262
90,FRAX-USDE,12ca9565-0369-404e-b209-631305e4012a,2025-05-17,67906656
91,FRAX-USDE,12ca9565-0369-404e-b209-631305e4012a,2025-05-18,67887424
92,FRAX-USDE,12ca9565-0369-404e-b209-631305e4012a,2025-05-19,67890489
93,FRAX-USDE,12ca9565-0369-404e-b209-631305e4012a,2025-05-20,67918434
94,FRAX-USDE,12ca9565-0369-404e-b209-631305e4012a,2025-05-21,67906178
95,FRAX-USDE,12ca9565-0369-404e-b209-631305e4012a,2025-05-22,67906402
96,FRAX-USDE,12ca9565-0369-404e-b209-631305e4012a,2025-05-23,67902886
97,FRAX-USDE,12ca9565-0369-404e-b209-631305e4012a,2025-05-24,67899896
98,FRAX-USDE,12ca9565-0369-404e-b209-631305e4012a,2025-05-25,67891821
99,FRAX-USDE,12ca9565-0369-404e-b209-631305e4012a,2025-05-26,67905320
100,FRAX-USDE,12ca9565-0369-404e-b209-631305e4012a,2025-05-27,67890934
101,FRAX-USDE,12ca9565-0369-404e-b209-631305e4012a,2025-05-28,67899498
102,FRAX-USDE,12ca9565-0369-404e-b209-631305e4012a,2025-05-29,67831202
103,FRAX-USDE,12ca9565-0369-404e-b209-631305e4012a,2025-05-30,67877040
104,FRAX-USDE,12ca9565-0369-404e-b209-631305e4012a,2025-05-31,67919238
105,FRAX-USDE,12ca9565-0369-404e-b209-631305e4012a,2025-06-01,67914120
106,FRAX-USDE,12ca9565-0369-404e-b209-631305e4012a,2025-06-02,67908918
107,FRAX-USDE,12ca9565-0369-404e-b209-631305e4012a,2025-06-03,67934463
108,FRAX-USDE,12ca9565-0369-404e-b209-631305e4012a,2025-06-04,67946223
109,FRAX-USDE,12ca9565-0369-404e-b209-631305e4012a,2025-06-05,67910317
110,FRAX-USDE,12ca9565-0369-404e-b209-631305e4012a,2025-06-06,67938279
111,USDC-RLUSD,e91e23af-9099-45d9-8ba5-ea5b4638e453,2025-05-01,50090204
112,USDC-RLUSD,e91e23af-9099-45d9-8ba5-ea5b4638e453,2025-05-02,48970248
113,USDC-RLUSD,e91e23af-9099-45d9-8ba5-ea5b4638e453,2025-05-03,48631833
114,USDC-RLUSD,e91e23af-9099-45d9-8ba5-ea5b4638e453,2025-05-04,49501454
115,USDC-RLUSD,e91e23af-9099-45d9-8ba5-ea5b4638e453,2025-05-05,57961571
116,USDC-RLUSD,e91e23af-9099-45d9-8ba5-ea5b4638e453,2025-05-06,57412718
117,USDC-RLUSD,e91e23af-9099-45d9-8ba5-ea5b4638e453,2025-05-07,57520489
118,USDC-RLUSD,e91e23af-9099-45d9-8ba5-ea5b4638e453,2025-05-08,56985603
119,USDC-RLUSD,e91e23af-9099-45d9-8ba5-ea5b4638e453,2025-05-09,56880315
120,USDC-RLUSD,e91e23af-9099-45d9-8ba5-ea5b4638e453,2025-05-10,55906207
121,USDC-RLUSD,e91e23af-9099-45d9-8ba5-ea5b4638e453,2025-05-11,55908960
122,USDC-RLUSD,e91e23af-9099-45d9-8ba5-ea5b4638e453,2025-05-12,55661452
123,USDC-RLUSD,e91e23af-9099-45d9-8ba5-ea5b4638e453,2025-05-13,55685948
124,USDC-RLUSD,e91e23af-9099-45d9-8ba5-ea5b4638e453,2025-05-14,55506163
125,USDC-RLUSD,e91e23af-9099-45d9-8ba5-ea5b4638e453,2025-05-15,55045697
126,USDC-RLUSD,e91e23af-9099-45d9-8ba5-ea5b4638e453,2025-05-16,53791661
127,USDC-RLUSD,e91e23af-9099-45d9-8ba5-ea5b4638e453,2025-05-17,53284018
128,USDC-RLUSD,e91e23af-9099-45d9-8ba5-ea5b4638e453,2025-05-18,53243658
129,USDC-RLUSD,e91e23af-9099-45d9-8ba5-ea5b4638e453,2025-05-19,45160514
130,USDC-RLUSD,e91e23af-9099-45d9-8ba5-ea5b4638e453,2025-05-20,45089658
131,USDC-RLUSD,e91e23af-9099-45d9-8ba5-ea5b4638e453,2025-05-21,44515197
132,USDC-RLUSD,e91e23af-9099-45d9-8ba5-ea5b4638e453,2025-05-22,44502604
133,USDC-RLUSD,e91e23af-9099-45d9-8ba5-ea5b4638e453,2025-05-23,44388498
134,USDC-RLUSD,e91e23af-9099-45d9-8ba5-ea5b4638e453,2025-05-24,41533840
135,USDC-RLUSD,e91e23af-9099-45d9-8ba5-ea5b4638e453,2025-05-25,43515660
136,USDC-RLUSD,e91e23af-9099-45d9-8ba5-ea5b4638e453,2025-05-26,42340644
137,USDC-RLUSD,e91e23af-9099-45d9-8ba5-ea5b4638e453,2025-05-27,42469158
138,USDC-RLUSD,e91e23af-9099-45d9-8ba5-ea5b4638e453,2025-05-28,44893117
139,USDC-RLUSD,e91e23af-9099-45d9-8ba5-ea5b4638e453,2025-05-29,50421559
140,USDC-RLUSD,e91e23af-9099-45d9-8ba5-ea5b4638e453,2025-05-30,50547684
141,USDC-RLUSD,e91e23af-9099-45d9-8ba5-ea5b4638e453,2025-05-31,50588902
142,USDC-RLUSD,e91e23af-9099-45d9-8ba5-ea5b4638e453,2025-06-01,51563709
143,USDC-RLUSD,e91e23af-9099-45d9-8ba5-ea5b4638e453,2025-06-02,53235793
144,USDC-RLUSD,e91e23af-9099-45d9-8ba5-ea5b4638e453,2025-06-03,53584980
145,USDC-RLUSD,e91e23af-9099-45d9-8ba5-ea5b4638e453,2025-06-04,53599494
146,USDC-RLUSD,e91e23af-9099-45d9-8ba5-ea5b4638e453,2025-06-05,46024063
147,USDC-RLUSD,e91e23af-9099-45d9-8ba5-ea5b4638e453,2025-06-06,52403073
148,SUSDS-USDT,6f74baf2-48f3-4e4a-ad67-5c056f37e4fa,2025-05-01,32392731
149,SUSDS-USDT,6f74baf2-48f3-4e4a-ad67-5c056f37e4fa,2025-05-02,36889680
150,SUSDS-USDT,6f74baf2-48f3-4e4a-ad67-5c056f37e4fa,2025-05-03,36894901
151,SUSDS-USDT,6f74baf2-48f3-4e4a-ad67-5c056f37e4fa,2025-05-04,36892246
152,SUSDS-USDT,6f74baf2-48f3-4e4a-ad67-5c056f37e4fa,2025-05-05,41368107
153,SUSDS-USDT,6f74baf2-48f3-4e4a-ad67-5c056f37e4fa,2025-05-06,45868815
154,SUSDS-USDT,6f74baf2-48f3-4e4a-ad67-5c056f37e4fa,2025-05-07,50379563
155,SUSDS-USDT,6f74baf2-48f3-4e4a-ad67-5c056f37e4fa,2025-05-08,50392104
156,SUSDS-USDT,6f74baf2-48f3-4e4a-ad67-5c056f37e4fa,2025-05-09,50385613
157,SUSDS-USDT,6f74baf2-48f3-4e4a-ad67-5c056f37e4fa,2025-05-10,50394257
158,SUSDS-USDT,6f74baf2-48f3-4e4a-ad67-5c056f37e4fa,2025-05-11,50409146
159,SUSDS-USDT,6f74baf2-48f3-4e4a-ad67-5c056f37e4fa,2025-05-12,50390041
160,SUSDS-USDT,6f74baf2-48f3-4e4a-ad67-5c056f37e4fa,2025-05-13,50402823
161,SUSDS-USDT,6f74baf2-48f3-4e4a-ad67-5c056f37e4fa,2025-05-14,50407111
162,SUSDS-USDT,6f74baf2-48f3-4e4a-ad67-5c056f37e4fa,2025-05-15,50413564
163,SUSDS-USDT,6f74baf2-48f3-4e4a-ad67-5c056f37e4fa,2025-05-16,50416967
164,SUSDS-USDT,6f74baf2-48f3-4e4a-ad67-5c056f37e4fa,2025-05-17,50423056
165,SUSDS-USDT,6f74baf2-48f3-4e4a-ad67-5c056f37e4fa,2025-05-18,50437004
166,SUSDS-USDT,6f74baf2-48f3-4e4a-ad67-5c056f37e4fa,2025-05-19,50445503
167,SUSDS-USDT,6f74baf2-48f3-4e4a-ad67-5c056f37e4fa,2025-05-20,50460725
168,SUSDS-USDT,6f74baf2-48f3-4e4a-ad67-5c056f37e4fa,2025-05-21,50457970
169,SUSDS-USDT,6f74baf2-48f3-4e4a-ad67-5c056f37e4fa,2025-05-22,50463916
170,SUSDS-USDT,6f74baf2-48f3-4e4a-ad67-5c056f37e4fa,2025-05-23,50470806
171,SUSDS-USDT,6f74baf2-48f3-4e4a-ad67-5c056f37e4fa,2025-05-24,50470678
172,SUSDS-USDT,6f74baf2-48f3-4e4a-ad67-5c056f37e4fa,2025-05-25,50469311
173,SUSDS-USDT,6f74baf2-48f3-4e4a-ad67-5c056f37e4fa,2025-05-26,50570634
174,SUSDS-USDT,6f74baf2-48f3-4e4a-ad67-5c056f37e4fa,2025-05-27,50579488
175,SUSDS-USDT,6f74baf2-48f3-4e4a-ad67-5c056f37e4fa,2025-05-28,50571695
176,SUSDS-USDT,6f74baf2-48f3-4e4a-ad67-5c056f37e4fa,2025-05-29,50580713
177,SUSDS-USDT,6f74baf2-48f3-4e4a-ad67-5c056f37e4fa,2025-05-30,50582198
178,SUSDS-USDT,6f74baf2-48f3-4e4a-ad67-5c056f37e4fa,2025-05-31,50596452
179,SUSDS-USDT,6f74baf2-48f3-4e4a-ad67-5c056f37e4fa,2025-06-01,50597598
180,SUSDS-USDT,6f74baf2-48f3-4e4a-ad67-5c056f37e4fa,2025-06-02,50595223
181,SUSDS-USDT,6f74baf2-48f3-4e4a-ad67-5c056f37e4fa,2025-06-03,50604106
182,SUSDS-USDT,6f74baf2-48f3-4e4a-ad67-5c056f37e4fa,2025-06-04,50625251
183,SUSDS-USDT,6f74baf2-48f3-4e4a-ad67-5c056f37e4fa,2025-06-05,50615144
184,SUSDS-USDT,6f74baf2-48f3-4e4a-ad67-5c056f37e4fa,2025-06-06,50635368
185,CUSDO-USDC,08d1f13b-5d65-42c5-863d-fcb447dcea75,2025-05-01,35643173
186,CUSDO-USDC,08d1f13b-5d65-42c5-863d-fcb447dcea75,2025-05-02,35761278
187,CUSDO-USDC,08d1f13b-5d65-42c5-863d-fcb447dcea75,2025-05-03,36100373
188,CUSDO-USDC,08d1f13b-5d65-42c5-863d-fcb447dcea75,2025-05-04,36240644
189,CUSDO-USDC,08d1f13b-5d65-42c5-863d-fcb447dcea75,2025-05-05,35685561
190,CUSDO-USDC,08d1f13b-5d65-42c5-863d-fcb447dcea75,2025-05-06,37831708
191,CUSDO-USDC,08d1f13b-5d65-42c5-863d-fcb447dcea75,2025-05-07,38032955
192,CUSDO-USDC,08d1f13b-5d65-42c5-863d-fcb447dcea75,2025-05-08,37829158
193,CUSDO-USDC,08d1f13b-5d65-42c5-863d-fcb447dcea75,2025-05-09,37464167
194,CUSDO-USDC,08d1f13b-5d65-42c5-863d-fcb447dcea75,2025-05-10,37901784
195,CUSDO-USDC,08d1f13b-5d65-42c5-863d-fcb447dcea75,2025-05-11,37824397
196,CUSDO-USDC,08d1f13b-5d65-42c5-863d-fcb447dcea75,2025-05-12,40132697
197,CUSDO-USDC,08d1f13b-5d65-42c5-863d-fcb447dcea75,2025-05-13,40110911
198,CUSDO-USDC,08d1f13b-5d65-42c5-863d-fcb447dcea75,2025-05-14,39939511
199,CUSDO-USDC,08d1f13b-5d65-42c5-863d-fcb447dcea75,2025-05-15,41573051
200,CUSDO-USDC,08d1f13b-5d65-42c5-863d-fcb447dcea75,2025-05-16,42093709
201,CUSDO-USDC,08d1f13b-5d65-42c5-863d-fcb447dcea75,2025-05-17,42317856
202,CUSDO-USDC,08d1f13b-5d65-42c5-863d-fcb447dcea75,2025-05-18,42308098
203,CUSDO-USDC,08d1f13b-5d65-42c5-863d-fcb447dcea75,2025-05-19,42047242
204,CUSDO-USDC,08d1f13b-5d65-42c5-863d-fcb447dcea75,2025-05-20,42105412
205,CUSDO-USDC,08d1f13b-5d65-42c5-863d-fcb447dcea75,2025-05-21,40466967
206,CUSDO-USDC,08d1f13b-5d65-42c5-863d-fcb447dcea75,2025-05-22,40518556
207,CUSDO-USDC,08d1f13b-5d65-42c5-863d-fcb447dcea75,2025-05-23,40163558
208,CUSDO-USDC,08d1f13b-5d65-42c5-863d-fcb447dcea75,2025-05-24,40121536
209,CUSDO-USDC,08d1f13b-5d65-42c5-863d-fcb447dcea75,2025-05-25,40214913
210,CUSDO-USDC,08d1f13b-5d65-42c5-863d-fcb447dcea75,2025-05-26,40040413
211,CUSDO-USDC,08d1f13b-5d65-42c5-863d-fcb447dcea75,2025-05-27,39920861
212,CUSDO-USDC,08d1f13b-5d65-42c5-863d-fcb447dcea75,2025-05-28,39826659
213,CUSDO-USDC,08d1f13b-5d65-42c5-863d-fcb447dcea75,2025-05-29,39536905
214,CUSDO-USDC,08d1f13b-5d65-42c5-863d-fcb447dcea75,2025-05-30,39457504
215,CUSDO-USDC,08d1f13b-5d65-42c5-863d-fcb447dcea75,2025-05-31,39436196
216,CUSDO-USDC,08d1f13b-5d65-42c5-863d-fcb447dcea75,2025-06-01,39324507
217,CUSDO-USDC,08d1f13b-5d65-42c5-863d-fcb447dcea75,2025-06-02,39238947
218,CUSDO-USDC,08d1f13b-5d65-42c5-863d-fcb447dcea75,2025-06-03,39362353
219,CUSDO-USDC,08d1f13b-5d65-42c5-863d-fcb447dcea75,2025-06-04,36781684
220,CUSDO-USDC,08d1f13b-5d65-42c5-863d-fcb447dcea75,2025-06-05,36543330
221,CUSDO-USDC,08d1f13b-5d65-42c5-863d-fcb447dcea75,2025-06-06,36251428
222,DOLA-USR,d78803f4-437f-4ce5-b199-1bae142a185d,2025-05-01,12821227
223,DOLA-USR,d78803f4-437f-4ce5-b199-1bae142a185d,2025-05-02,12698578
224,DOLA-USR,d78803f4-437f-4ce5-b199-1bae142a185d,2025-05-03,12699403
225,DOLA-USR,d78803f4-437f-4ce5-b199-1bae142a185d,2025-05-04,13691833
226,DOLA-USR,d78803f4-437f-4ce5-b199-1bae142a185d,2025-05-05,13704806
227,DOLA-USR,d78803f4-437f-4ce5-b199-1bae142a185d,2025-05-06,13210963
228,DOLA-USR,d78803f4-437f-4ce5-b199-1bae142a185d,2025-05-07,13232868
229,DOLA-USR,d78803f4-437f-4ce5-b199-1bae142a185d,2025-05-08,13245700
230,DOLA-USR,d78803f4-437f-4ce5-b199-1bae142a185d,2025-05-09,14349126
231,DOLA-USR,d78803f4-437f-4ce5-b199-1bae142a185d,2025-05-10,16126607
232,DOLA-USR,d78803f4-437f-4ce5-b199-1bae142a185d,2025-05-11,17904393
233,DOLA-USR,d78803f4-437f-4ce5-b199-1bae142a185d,2025-05-12,17898068
234,DOLA-USR,d78803f4-437f-4ce5-b199-1bae142a185d,2025-05-13,17464615
235,DOLA-USR,d78803f4-437f-4ce5-b199-1bae142a185d,2025-05-14,19993931
236,DOLA-USR,d78803f4-437f-4ce5-b199-1bae142a185d,2025-05-15,22268162
237,DOLA-USR,d78803f4-437f-4ce5-b199-1bae142a185d,2025-05-16,25067425
238,DOLA-USR,d78803f4-437f-4ce5-b199-1bae142a185d,2025-05-17,26034155
239,DOLA-USR,d78803f4-437f-4ce5-b199-1bae142a185d,2025-05-18,26766051
240,DOLA-USR,d78803f4-437f-4ce5-b199-1bae142a185d,2025-05-19,26574737
241,DOLA-USR,d78803f4-437f-4ce5-b199-1bae142a185d,2025-05-20,28925099
242,DOLA-USR,d78803f4-437f-4ce5-b199-1bae142a185d,2025-05-21,29924897
243,DOLA-USR,d78803f4-437f-4ce5-b199-1bae142a185d,2025-05-22,29913155
244,DOLA-USR,d78803f4-437f-4ce5-b199-1bae142a185d,2025-05-23,29911312
245,DOLA-USR,d78803f4-437f-4ce5-b199-1bae142a185d,2025-05-24,29910898
246,DOLA-USR,d78803f4-437f-4ce5-b199-1bae142a185d,2025-05-25,29914130
247,DOLA-USR,d78803f4-437f-4ce5-b199-1bae142a185d,2025-05-26,29904058
248,DOLA-USR,d78803f4-437f-4ce5-b199-1bae142a185d,2025-05-27,29794625
249,DOLA-USR,d78803f4-437f-4ce5-b199-1bae142a185d,2025-05-28,29798325
250,DOLA-USR,d78803f4-437f-4ce5-b199-1bae142a185d,2025-05-29,31197532
251,DOLA-USR,d78803f4-437f-4ce5-b199-1bae142a185d,2025-05-30,31204867
252,DOLA-USR,d78803f4-437f-4ce5-b199-1bae142a185d,2025-05-31,31198370
253,DOLA-USR,d78803f4-437f-4ce5-b199-1bae142a185d,2025-06-01,31356406
254,DOLA-USR,d78803f4-437f-4ce5-b199-1bae142a185d,2025-06-02,31361651
255,DOLA-USR,d78803f4-437f-4ce5-b199-1bae142a185d,2025-06-03,31320297
256,DOLA-USR,d78803f4-437f-4ce5-b199-1bae142a185d,2025-06-04,31322073
257,DOLA-USR,d78803f4-437f-4ce5-b199-1bae142a185d,2025-06-05,31316393
258,DOLA-USR,d78803f4-437f-4ce5-b199-1bae142a185d,2025-06-06,31325006
259,SDAI-SUSDE,d22deafb-dbb1-417c-b555-cc8c9f4b955a,2025-05-01,30225325
260,SDAI-SUSDE,d22deafb-dbb1-417c-b555-cc8c9f4b955a,2025-05-02,30204118
261,SDAI-SUSDE,d22deafb-dbb1-417c-b555-cc8c9f4b955a,2025-05-03,28435516
262,SDAI-SUSDE,d22deafb-dbb1-417c-b555-cc8c9f4b955a,2025-05-04,26614493
263,SDAI-SUSDE,d22deafb-dbb1-417c-b555-cc8c9f4b955a,2025-05-05,26629021
264,SDAI-SUSDE,d22deafb-dbb1-417c-b555-cc8c9f4b955a,2025-05-06,26634218
265,SDAI-SUSDE,d22deafb-dbb1-417c-b555-cc8c9f4b955a,2025-05-07,26045725
266,SDAI-SUSDE,d22deafb-dbb1-417c-b555-cc8c9f4b955a,2025-05-08,26064047
267,SDAI-SUSDE,d22deafb-dbb1-417c-b555-cc8c9f4b955a,2025-05-09,25771106
268,SDAI-SUSDE,d22deafb-dbb1-417c-b555-cc8c9f4b955a,2025-05-10,25785619
269,SDAI-SUSDE,d22deafb-dbb1-417c-b555-cc8c9f4b955a,2025-05-11,25750867
270,SDAI-SUSDE,d22deafb-dbb1-417c-b555-cc8c9f4b955a,2025-05-12,25756737
271,SDAI-SUSDE,d22deafb-dbb1-417c-b555-cc8c9f4b955a,2025-05-13,25766942
272,SDAI-SUSDE,d22deafb-dbb1-417c-b555-cc8c9f4b955a,2025-05-14,25759948
273,SDAI-SUSDE,d22deafb-dbb1-417c-b555-cc8c9f4b955a,2025-05-15,23767223
274,SDAI-SUSDE,d22deafb-dbb1-417c-b555-cc8c9f4b955a,2025-05-16,23774623
275,SDAI-SUSDE,d22deafb-dbb1-417c-b555-cc8c9f4b955a,2025-05-17,23774734
276,SDAI-SUSDE,d22deafb-dbb1-417c-b555-cc8c9f4b955a,2025-05-18,23778928
277,SDAI-SUSDE,d22deafb-dbb1-417c-b555-cc8c9f4b955a,2025-05-19,23778641
278,SDAI-SUSDE,d22deafb-dbb1-417c-b555-cc8c9f4b955a,2025-05-20,23617767
279,SDAI-SUSDE,d22deafb-dbb1-417c-b555-cc8c9f4b955a,2025-05-21,23783526
280,SDAI-SUSDE,d22deafb-dbb1-417c-b555-cc8c9f4b955a,2025-05-22,23010854
281,SDAI-SUSDE,d22deafb-dbb1-417c-b555-cc8c9f4b955a,2025-05-23,22709763
282,SDAI-SUSDE,d22deafb-dbb1-417c-b555-cc8c9f4b955a,2025-05-24,22625702
283,SDAI-SUSDE,d22deafb-dbb1-417c-b555-cc8c9f4b955a,2025-05-25,22616550
284,SDAI-SUSDE,d22deafb-dbb1-417c-b555-cc8c9f4b955a,2025-05-26,22624118
285,SDAI-SUSDE,d22deafb-dbb1-417c-b555-cc8c9f4b955a,2025-05-27,22621624
286,SDAI-SUSDE,d22deafb-dbb1-417c-b555-cc8c9f4b955a,2025-05-28,22619157
287,SDAI-SUSDE,d22deafb-dbb1-417c-b555-cc8c9f4b955a,2025-05-29,22603761
288,SDAI-SUSDE,d22deafb-dbb1-417c-b555-cc8c9f4b955a,2025-05-30,22223888
289,SDAI-SUSDE,d22deafb-dbb1-417c-b555-cc8c9f4b955a,2025-05-31,22236733
290,SDAI-SUSDE,d22deafb-dbb1-417c-b555-cc8c9f4b955a,2025-06-01,22244234
291,SDAI-SUSDE,d22deafb-dbb1-417c-b555-cc8c9f4b955a,2025-06-02,22238408
292,SDAI-SUSDE,d22deafb-dbb1-417c-b555-cc8c9f4b955a,2025-06-03,22247894
293,SDAI-SUSDE,d22deafb-dbb1-417c-b555-cc8c9f4b955a,2025-06-04,22254122
294,SDAI-SUSDE,d22deafb-dbb1-417c-b555-cc8c9f4b955a,2025-06-05,22165531
295,SDAI-SUSDE,d22deafb-dbb1-417c-b555-cc8c9f4b955a,2025-06-06,22174816
296,USDL-USDC,b92d0d7b-6113-4981-9fa7-fad4d20cad6b,2025-05-01,20945626
297,USDL-USDC,b92d0d7b-6113-4981-9fa7-fad4d20cad6b,2025-05-02,20956116
298,USDL-USDC,b92d0d7b-6113-4981-9fa7-fad4d20cad6b,2025-05-03,20957717
299,USDL-USDC,b92d0d7b-6113-4981-9fa7-fad4d20cad6b,2025-05-04,20952613
300,USDL-USDC,b92d0d7b-6113-4981-9fa7-fad4d20cad6b,2025-05-05,20953690
301,USDL-USDC,b92d0d7b-6113-4981-9fa7-fad4d20cad6b,2025-05-06,20955013
302,USDL-USDC,b92d0d7b-6113-4981-9fa7-fad4d20cad6b,2025-05-07,20954168
303,USDL-USDC,b92d0d7b-6113-4981-9fa7-fad4d20cad6b,2025-05-08,18324858
304,USDL-USDC,b92d0d7b-6113-4981-9fa7-fad4d20cad6b,2025-05-09,20962255
305,USDL-USDC,b92d0d7b-6113-4981-9fa7-fad4d20cad6b,2025-05-10,20960506
306,USDL-USDC,b92d0d7b-6113-4981-9fa7-fad4d20cad6b,2025-05-11,20966919
307,USDL-USDC,b92d0d7b-6113-4981-9fa7-fad4d20cad6b,2025-05-12,20968672
308,USDL-USDC,b92d0d7b-6113-4981-9fa7-fad4d20cad6b,2025-05-13,20962828
309,USDL-USDC,b92d0d7b-6113-4981-9fa7-fad4d20cad6b,2025-05-14,20971836
310,USDL-USDC,b92d0d7b-6113-4981-9fa7-fad4d20cad6b,2025-05-15,20973468
311,USDL-USDC,b92d0d7b-6113-4981-9fa7-fad4d20cad6b,2025-05-16,20974436
312,USDL-USDC,b92d0d7b-6113-4981-9fa7-fad4d20cad6b,2025-05-17,20973152
313,USDL-USDC,b92d0d7b-6113-4981-9fa7-fad4d20cad6b,2025-05-18,20977920
314,USDL-USDC,b92d0d7b-6113-4981-9fa7-fad4d20cad6b,2025-05-19,20911882
315,USDL-USDC,b92d0d7b-6113-4981-9fa7-fad4d20cad6b,2025-05-20,20910015
316,USDL-USDC,b92d0d7b-6113-4981-9fa7-fad4d20cad6b,2025-05-21,20919369
317,USDL-USDC,b92d0d7b-6113-4981-9fa7-fad4d20cad6b,2025-05-22,20919940
318,USDL-USDC,b92d0d7b-6113-4981-9fa7-fad4d20cad6b,2025-05-23,20919380
319,USDL-USDC,b92d0d7b-6113-4981-9fa7-fad4d20cad6b,2025-05-24,20922738
320,USDL-USDC,b92d0d7b-6113-4981-9fa7-fad4d20cad6b,2025-05-25,20922877
321,USDL-USDC,b92d0d7b-6113-4981-9fa7-fad4d20cad6b,2025-05-26,20925540
322,USDL-USDC,b92d0d7b-6113-4981-9fa7-fad4d20cad6b,2025-05-27,20916373
323,USDL-USDC,b92d0d7b-6113-4981-9fa7-fad4d20cad6b,2025-05-28,20924466
324,USDL-USDC,b92d0d7b-6113-4981-9fa7-fad4d20cad6b,2025-05-29,20892745
325,USDL-USDC,b92d0d7b-6113-4981-9fa7-fad4d20cad6b,2025-05-30,20923186
326,USDL-USDC,b92d0d7b-6113-4981-9fa7-fad4d20cad6b,2025-05-31,20928086
327,USDL-USDC,b92d0d7b-6113-4981-9fa7-fad4d20cad6b,2025-06-01,20929792
328,USDL-USDC,b92d0d7b-6113-4981-9fa7-fad4d20cad6b,2025-06-02,20929954
329,USDL-USDC,b92d0d7b-6113-4981-9fa7-fad4d20cad6b,2025-06-03,20929587
330,USDL-USDC,b92d0d7b-6113-4981-9fa7-fad4d20cad6b,2025-06-04,20923310
331,USDL-USDC,b92d0d7b-6113-4981-9fa7-fad4d20cad6b,2025-06-05,20931650
332,USDL-USDC,b92d0d7b-6113-4981-9fa7-fad4d20cad6b,2025-06-06,20931236
333,USD0-USDC,23a68630-c706-4ed3-bb31-92868a15050b,2025-05-01,29886314
334,USD0-USDC,23a68630-c706-4ed3-bb31-92868a15050b,2025-05-02,29147707
335,USD0-USDC,23a68630-c706-4ed3-bb31-92868a15050b,2025-05-03,29148951
336,USD0-USDC,23a68630-c706-4ed3-bb31-92868a15050b,2025-05-04,29146353
337,USD0-USDC,23a68630-c706-4ed3-bb31-92868a15050b,2025-05-05,30032609
338,USD0-USDC,23a68630-c706-4ed3-bb31-92868a15050b,2025-05-06,28858269
339,USD0-USDC,23a68630-c706-4ed3-bb31-92868a15050b,2025-05-07,29216267
340,USD0-USDC,23a68630-c706-4ed3-bb31-92868a15050b,2025-05-08,30115551
341,USD0-USDC,23a68630-c706-4ed3-bb31-92868a15050b,2025-05-09,30464608
342,USD0-USDC,23a68630-c706-4ed3-bb31-92868a15050b,2025-05-10,30783616
343,USD0-USDC,23a68630-c706-4ed3-bb31-92868a15050b,2025-05-11,30961719
344,USD0-USDC,23a68630-c706-4ed3-bb31-92868a15050b,2025-05-12,30574433
345,USD0-USDC,23a68630-c706-4ed3-bb31-92868a15050b,2025-05-13,30612771
346,USD0-USDC,23a68630-c706-4ed3-bb31-92868a15050b,2025-05-14,31215807
347,USD0-USDC,23a68630-c706-4ed3-bb31-92868a15050b,2025-05-15,34050997
348,USD0-USDC,23a68630-c706-4ed3-bb31-92868a15050b,2025-05-16,33734111
349,USD0-USDC,23a68630-c706-4ed3-bb31-92868a15050b,2025-05-17,33123126
350,USD0-USDC,23a68630-c706-4ed3-bb31-92868a15050b,2025-05-18,33232480
351,USD0-USDC,23a68630-c706-4ed3-bb31-92868a15050b,2025-05-19,33175341
352,USD0-USDC,23a68630-c706-4ed3-bb31-92868a15050b,2025-05-20,32825392
353,USD0-USDC,23a68630-c706-4ed3-bb31-92868a15050b,2025-05-21,31481043
354,USD0-USDC,23a68630-c706-4ed3-bb31-92868a15050b,2025-05-22,30015117
355,USD0-USDC,23a68630-c706-4ed3-bb31-92868a15050b,2025-05-23,29898274
356,USD0-USDC,23a68630-c706-4ed3-bb31-92868a15050b,2025-05-24,29944760
357,USD0-USDC,23a68630-c706-4ed3-bb31-92868a15050b,2025-05-25,30195361
358,USD0-USDC,23a68630-c706-4ed3-bb31-92868a15050b,2025-05-26,27320534
359,USD0-USDC,23a68630-c706-4ed3-bb31-92868a15050b,2025-05-27,27332333
360,USD0-USDC,23a68630-c706-4ed3-bb31-92868a15050b,2025-05-28,23656864
361,USD0-USDC,23a68630-c706-4ed3-bb31-92868a15050b,2025-05-29,22993000
362,USD0-USDC,23a68630-c706-4ed3-bb31-92868a15050b,2025-05-30,22287491
363,USD0-USDC,23a68630-c706-4ed3-bb31-92868a15050b,2025-05-31,21544693
364,USD0-USDC,23a68630-c706-4ed3-bb31-92868a15050b,2025-06-01,21545472
365,USD0-USDC,23a68630-c706-4ed3-bb31-92868a15050b,2025-06-02,22911087
366,USD0-USDC,23a68630-c706-4ed3-bb31-92868a15050b,2025-06-03,22077612
367,USD0-USDC,23a68630-c706-4ed3-bb31-92868a15050b,2025-06-04,21590615
368,USD0-USDC,23a68630-c706-4ed3-bb31-92868a15050b,2025-06-05,21214371
369,USD0-USDC,23a68630-c706-4ed3-bb31-92868a15050b,2025-06-06,21220481
370,USDC-USDTB,fa91389d-ab0f-43e5-8921-9c9a462d97d2,2025-05-01,19981610
371,USDC-USDTB,fa91389d-ab0f-43e5-8921-9c9a462d97d2,2025-05-02,19983941
372,USDC-USDTB,fa91389d-ab0f-43e5-8921-9c9a462d97d2,2025-05-03,19980094
373,USDC-USDTB,fa91389d-ab0f-43e5-8921-9c9a462d97d2,2025-05-04,19980384
374,USDC-USDTB,fa91389d-ab0f-43e5-8921-9c9a462d97d2,2025-05-05,19980609
375,USDC-USDTB,fa91389d-ab0f-43e5-8921-9c9a462d97d2,2025-05-06,19980427
376,USDC-USDTB,fa91389d-ab0f-43e5-8921-9c9a462d97d2,2025-05-07,19981477
377,USDC-USDTB,fa91389d-ab0f-43e5-8921-9c9a462d97d2,2025-05-08,19980741
378,USDC-USDTB,fa91389d-ab0f-43e5-8921-9c9a462d97d2,2025-05-09,19985521
379,USDC-USDTB,fa91389d-ab0f-43e5-8921-9c9a462d97d2,2025-05-10,19981469
380,USDC-USDTB,fa91389d-ab0f-43e5-8921-9c9a462d97d2,2025-05-11,19981469
381,USDC-USDTB,fa91389d-ab0f-43e5-8921-9c9a462d97d2,2025-05-12,19983288
382,USDC-USDTB,fa91389d-ab0f-43e5-8921-9c9a462d97d2,2025-05-13,19983362
383,USDC-USDTB,fa91389d-ab0f-43e5-8921-9c9a462d97d2,2025-05-14,19980759
384,USDC-USDTB,fa91389d-ab0f-43e5-8921-9c9a462d97d2,2025-05-15,19980389
385,USDC-USDTB,fa91389d-ab0f-43e5-8921-9c9a462d97d2,2025-05-16,19984369
386,USDC-USDTB,fa91389d-ab0f-43e5-8921-9c9a462d97d2,2025-05-17,19982122
387,USDC-USDTB,fa91389d-ab0f-43e5-8921-9c9a462d97d2,2025-05-18,19981544
388,USDC-USDTB,fa91389d-ab0f-43e5-8921-9c9a462d97d2,2025-05-19,19981202
389,USDC-USDTB,fa91389d-ab0f-43e5-8921-9c9a462d97d2,2025-05-20,19982218
390,USDC-USDTB,fa91389d-ab0f-43e5-8921-9c9a462d97d2,2025-05-21,19982875
391,USDC-USDTB,fa91389d-ab0f-43e5-8921-9c9a462d97d2,2025-05-22,19981387
392,USDC-USDTB,fa91389d-ab0f-43e5-8921-9c9a462d97d2,2025-05-23,19979433
393,USDC-USDTB,fa91389d-ab0f-43e5-8921-9c9a462d97d2,2025-05-24,19981493
394,USDC-USDTB,fa91389d-ab0f-43e5-8921-9c9a462d97d2,2025-05-25,19979587
395,USDC-USDTB,fa91389d-ab0f-43e5-8921-9c9a462d97d2,2025-05-26,19981501
396,USDC-USDTB,fa91389d-ab0f-43e5-8921-9c9a462d97d2,2025-05-27,19984130
397,USDC-USDTB,fa91389d-ab0f-43e5-8921-9c9a462d97d2,2025-05-28,19985416
398,USDC-USDTB,fa91389d-ab0f-43e5-8921-9c9a462d97d2,2025-05-29,19980515
399,USDC-USDTB,fa91389d-ab0f-43e5-8921-9c9a462d97d2,2025-05-30,19985909
400,USDC-USDTB,fa91389d-ab0f-43e5-8921-9c9a462d97d2,2025-05-31,19984425
401,USDC-USDTB,fa91389d-ab0f-43e5-8921-9c9a462d97d2,2025-06-01,19981625
402,USDC-USDTB,fa91389d-ab0f-43e5-8921-9c9a462d97d2,2025-06-02,19981630
403,USDC-USDTB,fa91389d-ab0f-43e5-8921-9c9a462d97d2,2025-06-03,19981625
404,USDC-USDTB,fa91389d-ab0f-43e5-8921-9c9a462d97d2,2025-06-04,19981625
405,USDC-USDTB,fa91389d-ab0f-43e5-8921-9c9a462d97d2,2025-06-05,19980328
406,USDC-USDTB,fa91389d-ab0f-43e5-8921-9c9a462d97d2,2025-06-06,19980427
407,BOLD-USDC,755529b5-fcf4-4ef0-a7c7-e4f49376706f,2025-05-19,13287304
408,BOLD-USDC,755529b5-fcf4-4ef0-a7c7-e4f49376706f,2025-05-20,16466360
409,BOLD-USDC,755529b5-fcf4-4ef0-a7c7-e4f49376706f,2025-05-21,17249132
410,BOLD-USDC,755529b5-fcf4-4ef0-a7c7-e4f49376706f,2025-05-22,17198451
411,BOLD-USDC,755529b5-fcf4-4ef0-a7c7-e4f49376706f,2025-05-23,17203295
412,BOLD-USDC,755529b5-fcf4-4ef0-a7c7-e4f49376706f,2025-05-24,17791045
413,BOLD-USDC,755529b5-fcf4-4ef0-a7c7-e4f49376706f,2025-05-25,17931637
414,BOLD-USDC,755529b5-fcf4-4ef0-a7c7-e4f49376706f,2025-05-26,18606777
415,BOLD-USDC,755529b5-fcf4-4ef0-a7c7-e4f49376706f,2025-05-27,18552616
416,BOLD-USDC,755529b5-fcf4-4ef0-a7c7-e4f49376706f,2025-05-28,21129115
417,BOLD-USDC,755529b5-fcf4-4ef0-a7c7-e4f49376706f,2025-05-29,20421039
418,BOLD-USDC,755529b5-fcf4-4ef0-a7c7-e4f49376706f,2025-05-30,20284239
419,BOLD-USDC,755529b5-fcf4-4ef0-a7c7-e4f49376706f,2025-05-31,19694887
420,BOLD-USDC,755529b5-fcf4-4ef0-a7c7-e4f49376706f,2025-06-01,19347455
421,BOLD-USDC,755529b5-fcf4-4ef0-a7c7-e4f49376706f,2025-06-02,18964907
422,BOLD-USDC,755529b5-fcf4-4ef0-a7c7-e4f49376706f,2025-06-03,18521411
423,BOLD-USDC,755529b5-fcf4-4ef0-a7c7-e4f49376706f,2025-06-04,18398964
424,BOLD-USDC,755529b5-fcf4-4ef0-a7c7-e4f49376706f,2025-06-05,18312821
425,BOLD-USDC,755529b5-fcf4-4ef0-a7c7-e4f49376706f,2025-06-06,18209965
426,DOLA-SUSDE,8a3a7995-73b3-4e25-8b5c-82a8841bf720,2025-05-01,18604407
427,DOLA-SUSDE,8a3a7995-73b3-4e25-8b5c-82a8841bf720,2025-05-02,18542742
428,DOLA-SUSDE,8a3a7995-73b3-4e25-8b5c-82a8841bf720,2025-05-03,18550225
429,DOLA-SUSDE,8a3a7995-73b3-4e25-8b5c-82a8841bf720,2025-05-04,18544443
430,DOLA-SUSDE,8a3a7995-73b3-4e25-8b5c-82a8841bf720,2025-05-05,18557960
431,DOLA-SUSDE,8a3a7995-73b3-4e25-8b5c-82a8841bf720,2025-05-06,18530363
432,DOLA-SUSDE,8a3a7995-73b3-4e25-8b5c-82a8841bf720,2025-05-07,18520534
433,DOLA-SUSDE,8a3a7995-73b3-4e25-8b5c-82a8841bf720,2025-05-08,18535850
434,DOLA-SUSDE,8a3a7995-73b3-4e25-8b5c-82a8841bf720,2025-05-09,18532800
435,DOLA-SUSDE,8a3a7995-73b3-4e25-8b5c-82a8841bf720,2025-05-10,20434623
436,DOLA-SUSDE,8a3a7995-73b3-4e25-8b5c-82a8841bf720,2025-05-11,20486591
437,DOLA-SUSDE,8a3a7995-73b3-4e25-8b5c-82a8841bf720,2025-05-12,20484890
438,DOLA-SUSDE,8a3a7995-73b3-4e25-8b5c-82a8841bf720,2025-05-13,20512699
439,DOLA-SUSDE,8a3a7995-73b3-4e25-8b5c-82a8841bf720,2025-05-14,20515608
440,DOLA-SUSDE,8a3a7995-73b3-4e25-8b5c-82a8841bf720,2025-05-15,20468864
441,DOLA-SUSDE,8a3a7995-73b3-4e25-8b5c-82a8841bf720,2025-05-16,20477076
442,DOLA-SUSDE,8a3a7995-73b3-4e25-8b5c-82a8841bf720,2025-05-17,20614434
443,DOLA-SUSDE,8a3a7995-73b3-4e25-8b5c-82a8841bf720,2025-05-18,20342587
444,DOLA-SUSDE,8a3a7995-73b3-4e25-8b5c-82a8841bf720,2025-05-19,20338135
445,DOLA-SUSDE,8a3a7995-73b3-4e25-8b5c-82a8841bf720,2025-05-20,19945604
446,DOLA-SUSDE,8a3a7995-73b3-4e25-8b5c-82a8841bf720,2025-05-21,17555634
447,DOLA-SUSDE,8a3a7995-73b3-4e25-8b5c-82a8841bf720,2025-05-22,18152615
448,DOLA-SUSDE,8a3a7995-73b3-4e25-8b5c-82a8841bf720,2025-05-23,18162539
449,DOLA-SUSDE,8a3a7995-73b3-4e25-8b5c-82a8841bf720,2025-05-24,18156010
450,DOLA-SUSDE,8a3a7995-73b3-4e25-8b5c-82a8841bf720,2025-05-25,18257727
451,DOLA-SUSDE,8a3a7995-73b3-4e25-8b5c-82a8841bf720,2025-05-26,18256958
452,DOLA-SUSDE,8a3a7995-73b3-4e25-8b5c-82a8841bf720,2025-05-27,18256965
453,DOLA-SUSDE,8a3a7995-73b3-4e25-8b5c-82a8841bf720,2025-05-28,18260336
454,DOLA-SUSDE,8a3a7995-73b3-4e25-8b5c-82a8841bf720,2025-05-29,18246392
455,DOLA-SUSDE,8a3a7995-73b3-4e25-8b5c-82a8841bf720,2025-05-30,18253681
456,DOLA-SUSDE,8a3a7995-73b3-4e25-8b5c-82a8841bf720,2025-05-31,18265506
457,DOLA-SUSDE,8a3a7995-73b3-4e25-8b5c-82a8841bf720,2025-06-01,18272962
458,DOLA-SUSDE,8a3a7995-73b3-4e25-8b5c-82a8841bf720,2025-06-02,18086146
459,DOLA-SUSDE,8a3a7995-73b3-4e25-8b5c-82a8841bf720,2025-06-03,18099265
460,DOLA-SUSDE,8a3a7995-73b3-4e25-8b5c-82a8841bf720,2025-06-04,18104780
461,DOLA-SUSDE,8a3a7995-73b3-4e25-8b5c-82a8841bf720,2025-06-05,18230735
462,DOLA-SUSDE,8a3a7995-73b3-4e25-8b5c-82a8841bf720,2025-06-06,18242552
463,USDC-FXUSD,bcc046f9-d980-40d9-80b2-5d5ae5931131,2025-05-01,12103570
464,USDC-FXUSD,bcc046f9-d980-40d9-80b2-5d5ae5931131,2025-05-02,12102648
465,USDC-FXUSD,bcc046f9-d980-40d9-80b2-5d5ae5931131,2025-05-03,12104059
466,USDC-FXUSD,bcc046f9-d980-40d9-80b2-5d5ae5931131,2025-05-04,12109002
467,USDC-FXUSD,bcc046f9-d980-40d9-80b2-5d5ae5931131,2025-05-05,12686849
468,USDC-FXUSD,bcc046f9-d980-40d9-80b2-5d5ae5931131,2025-05-06,12347805
469,USDC-FXUSD,bcc046f9-d980-40d9-80b2-5d5ae5931131,2025-05-07,11296864
470,USDC-FXUSD,bcc046f9-d980-40d9-80b2-5d5ae5931131,2025-05-08,11297572
471,USDC-FXUSD,bcc046f9-d980-40d9-80b2-5d5ae5931131,2025-05-09,10998915
472,USDC-FXUSD,bcc046f9-d980-40d9-80b2-5d5ae5931131,2025-05-10,11494086
473,USDC-FXUSD,bcc046f9-d980-40d9-80b2-5d5ae5931131,2025-05-11,11390092
474,USDC-FXUSD,bcc046f9-d980-40d9-80b2-5d5ae5931131,2025-05-12,11575529
475,USDC-FXUSD,bcc046f9-d980-40d9-80b2-5d5ae5931131,2025-05-13,11708650
476,USDC-FXUSD,bcc046f9-d980-40d9-80b2-5d5ae5931131,2025-05-14,11866994
477,USDC-FXUSD,bcc046f9-d980-40d9-80b2-5d5ae5931131,2025-05-15,12053132
478,USDC-FXUSD,bcc046f9-d980-40d9-80b2-5d5ae5931131,2025-05-16,12916881
479,USDC-FXUSD,bcc046f9-d980-40d9-80b2-5d5ae5931131,2025-05-17,13442482
480,USDC-FXUSD,bcc046f9-d980-40d9-80b2-5d5ae5931131,2025-05-18,13584066
481,USDC-FXUSD,bcc046f9-d980-40d9-80b2-5d5ae5931131,2025-05-19,13397159
482,USDC-FXUSD,bcc046f9-d980-40d9-80b2-5d5ae5931131,2025-05-20,13530802
483,USDC-FXUSD,bcc046f9-d980-40d9-80b2-5d5ae5931131,2025-05-21,14334770
484,USDC-FXUSD,bcc046f9-d980-40d9-80b2-5d5ae5931131,2025-05-22,14351537
485,USDC-FXUSD,bcc046f9-d980-40d9-80b2-5d5ae5931131,2025-05-23,15010690
486,USDC-FXUSD,bcc046f9-d980-40d9-80b2-5d5ae5931131,2025-05-24,15077321
487,USDC-FXUSD,bcc046f9-d980-40d9-80b2-5d5ae5931131,2025-05-25,15210253
488,USDC-FXUSD,bcc046f9-d980-40d9-80b2-5d5ae5931131,2025-05-26,15370003
489,USDC-FXUSD,bcc046f9-d980-40d9-80b2-5d5ae5931131,2025-05-27,16289061
490,USDC-FXUSD,bcc046f9-d980-40d9-80b2-5d5ae5931131,2025-05-28,16288609
491,USDC-FXUSD,bcc046f9-d980-40d9-80b2-5d5ae5931131,2025-05-29,16479412
492,USDC-FXUSD,bcc046f9-d980-40d9-80b2-5d5ae5931131,2025-05-30,17112669
493,USDC-FXUSD,bcc046f9-d980-40d9-80b2-5d5ae5931131,2025-05-31,17943946
494,USDC-FXUSD,bcc046f9-d980-40d9-80b2-5d5ae5931131,2025-06-01,18153739
495,USDC-FXUSD,bcc046f9-d980-40d9-80b2-5d5ae5931131,2025-06-02,15203866
496,USDC-FXUSD,bcc046f9-d980-40d9-80b2-5d5ae5931131,2025-06-03,16338170
497,USDC-FXUSD,bcc046f9-d980-40d9-80b2-5d5ae5931131,2025-06-04,16719790
498,USDC-FXUSD,bcc046f9-d980-40d9-80b2-5d5ae5931131,2025-06-05,18471771
499,USDC-FXUSD,bcc046f9-d980-40d9-80b2-5d5ae5931131,2025-06-06,17613597
500,DOLA-SUSDS,b36c0e1b-792f-4fee-8160-a0002c23e1d1,2025-05-01,18113132
501,DOLA-SUSDS,b36c0e1b-792f-4fee-8160-a0002c23e1d1,2025-05-02,18111244
502,DOLA-SUSDS,b36c0e1b-792f-4fee-8160-a0002c23e1d1,2025-05-03,18114008
503,DOLA-SUSDS,b36c0e1b-792f-4fee-8160-a0002c23e1d1,2025-05-04,18939082
504,DOLA-SUSDS,b36c0e1b-792f-4fee-8160-a0002c23e1d1,2025-05-05,18946946
505,DOLA-SUSDS,b36c0e1b-792f-4fee-8160-a0002c23e1d1,2025-05-06,18949153
506,DOLA-SUSDS,b36c0e1b-792f-4fee-8160-a0002c23e1d1,2025-05-07,18879221
507,DOLA-SUSDS,b36c0e1b-792f-4fee-8160-a0002c23e1d1,2025-05-08,19811137
508,DOLA-SUSDS,b36c0e1b-792f-4fee-8160-a0002c23e1d1,2025-05-09,19757089
509,DOLA-SUSDS,b36c0e1b-792f-4fee-8160-a0002c23e1d1,2025-05-10,19765505
510,DOLA-SUSDS,b36c0e1b-792f-4fee-8160-a0002c23e1d1,2025-05-11,19762782
511,DOLA-SUSDS,b36c0e1b-792f-4fee-8160-a0002c23e1d1,2025-05-12,19752392
512,DOLA-SUSDS,b36c0e1b-792f-4fee-8160-a0002c23e1d1,2025-05-13,19763024
513,DOLA-SUSDS,b36c0e1b-792f-4fee-8160-a0002c23e1d1,2025-05-14,16492520
514,DOLA-SUSDS,b36c0e1b-792f-4fee-8160-a0002c23e1d1,2025-05-15,16680810
515,DOLA-SUSDS,b36c0e1b-792f-4fee-8160-a0002c23e1d1,2025-05-16,16680632
516,DOLA-SUSDS,b36c0e1b-792f-4fee-8160-a0002c23e1d1,2025-05-17,16790059
517,DOLA-SUSDS,b36c0e1b-792f-4fee-8160-a0002c23e1d1,2025-05-18,16725278
518,DOLA-SUSDS,b36c0e1b-792f-4fee-8160-a0002c23e1d1,2025-05-19,16725680
519,DOLA-SUSDS,b36c0e1b-792f-4fee-8160-a0002c23e1d1,2025-05-20,17478936
520,DOLA-SUSDS,b36c0e1b-792f-4fee-8160-a0002c23e1d1,2025-05-21,13402951
521,DOLA-SUSDS,b36c0e1b-792f-4fee-8160-a0002c23e1d1,2025-05-22,15253627
522,DOLA-SUSDS,b36c0e1b-792f-4fee-8160-a0002c23e1d1,2025-05-23,15436334
523,DOLA-SUSDS,b36c0e1b-792f-4fee-8160-a0002c23e1d1,2025-05-24,16026201
524,DOLA-SUSDS,b36c0e1b-792f-4fee-8160-a0002c23e1d1,2025-05-25,16210623
525,DOLA-SUSDS,b36c0e1b-792f-4fee-8160-a0002c23e1d1,2025-05-26,16210566
526,DOLA-SUSDS,b36c0e1b-792f-4fee-8160-a0002c23e1d1,2025-05-27,16358214
527,DOLA-SUSDS,b36c0e1b-792f-4fee-8160-a0002c23e1d1,2025-05-28,17234088
528,DOLA-SUSDS,b36c0e1b-792f-4fee-8160-a0002c23e1d1,2025-05-29,17232274
529,DOLA-SUSDS,b36c0e1b-792f-4fee-8160-a0002c23e1d1,2025-05-30,17112577
530,DOLA-SUSDS,b36c0e1b-792f-4fee-8160-a0002c23e1d1,2025-05-31,16189732
531,DOLA-SUSDS,b36c0e1b-792f-4fee-8160-a0002c23e1d1,2025-06-01,16191186
532,DOLA-SUSDS,b36c0e1b-792f-4fee-8160-a0002c23e1d1,2025-06-02,16189647
533,DOLA-SUSDS,b36c0e1b-792f-4fee-8160-a0002c23e1d1,2025-06-03,16309965
534,DOLA-SUSDS,b36c0e1b-792f-4fee-8160-a0002c23e1d1,2025-06-04,16411311
535,DOLA-SUSDS,b36c0e1b-792f-4fee-8160-a0002c23e1d1,2025-06-05,16409222
536,DOLA-SUSDS,b36c0e1b-792f-4fee-8160-a0002c23e1d1,2025-06-06,16474857
537,USDC-USDF,3388eabd-fc53-49bf-b358-d1a6dc3c6112,2025-05-01,1000854
538,USDC-USDF,3388eabd-fc53-49bf-b358-d1a6dc3c6112,2025-05-02,2508468
539,USDC-USDF,3388eabd-fc53-49bf-b358-d1a6dc3c6112,2025-05-03,4724729
540,USDC-USDF,3388eabd-fc53-49bf-b358-d1a6dc3c6112,2025-05-04,5638747
541,USDC-USDF,3388eabd-fc53-49bf-b358-d1a6dc3c6112,2025-05-05,7715802
542,USDC-USDF,3388eabd-fc53-49bf-b358-d1a6dc3c6112,2025-05-06,8354749
543,USDC-USDF,3388eabd-fc53-49bf-b358-d1a6dc3c6112,2025-05-07,6749940
544,USDC-USDF,3388eabd-fc53-49bf-b358-d1a6dc3c6112,2025-05-08,7317857
545,USDC-USDF,3388eabd-fc53-49bf-b358-d1a6dc3c6112,2025-05-09,9049940
546,USDC-USDF,3388eabd-fc53-49bf-b358-d1a6dc3c6112,2025-05-10,9221702
547,USDC-USDF,3388eabd-fc53-49bf-b358-d1a6dc3c6112,2025-05-11,10201169
548,USDC-USDF,3388eabd-fc53-49bf-b358-d1a6dc3c6112,2025-05-12,12640114
549,USDC-USDF,3388eabd-fc53-49bf-b358-d1a6dc3c6112,2025-05-13,12669036
550,USDC-USDF,3388eabd-fc53-49bf-b358-d1a6dc3c6112,2025-05-14,14008741
551,USDC-USDF,3388eabd-fc53-49bf-b358-d1a6dc3c6112,2025-05-15,10246518
552,USDC-USDF,3388eabd-fc53-49bf-b358-d1a6dc3c6112,2025-05-16,10864713
553,USDC-USDF,3388eabd-fc53-49bf-b358-d1a6dc3c6112,2025-05-17,11311871
554,USDC-USDF,3388eabd-fc53-49bf-b358-d1a6dc3c6112,2025-05-18,11878211
555,USDC-USDF,3388eabd-fc53-49bf-b358-d1a6dc3c6112,2025-05-19,11829251
556,USDC-USDF,3388eabd-fc53-49bf-b358-d1a6dc3c6112,2025-05-20,13010245
557,USDC-USDF,3388eabd-fc53-49bf-b358-d1a6dc3c6112,2025-05-21,12694780
558,USDC-USDF,3388eabd-fc53-49bf-b358-d1a6dc3c6112,2025-05-22,12556041
559,USDC-USDF,3388eabd-fc53-49bf-b358-d1a6dc3c6112,2025-05-23,12751557
560,USDC-USDF,3388eabd-fc53-49bf-b358-d1a6dc3c6112,2025-05-24,13329644
561,USDC-USDF,3388eabd-fc53-49bf-b358-d1a6dc3c6112,2025-05-25,13477969
562,USDC-USDF,3388eabd-fc53-49bf-b358-d1a6dc3c6112,2025-05-26,13445691
563,USDC-USDF,3388eabd-fc53-49bf-b358-d1a6dc3c6112,2025-05-27,14034946
564,USDC-USDF,3388eabd-fc53-49bf-b358-d1a6dc3c6112,2025-05-28,15340366
565,USDC-USDF,3388eabd-fc53-49bf-b358-d1a6dc3c6112,2025-05-29,15084639
566,USDC-USDF,3388eabd-fc53-49bf-b358-d1a6dc3c6112,2025-05-30,14756739
567,USDC-USDF,3388eabd-fc53-49bf-b358-d1a6dc3c6112,2025-05-31,14633340
568,USDC-USDF,3388eabd-fc53-49bf-b358-d1a6dc3c6112,2025-06-01,14337233
569,USDC-USDF,3388eabd-fc53-49bf-b358-d1a6dc3c6112,2025-06-02,15308217
570,USDC-USDF,3388eabd-fc53-49bf-b358-d1a6dc3c6112,2025-06-03,16250948
571,USDC-USDF,3388eabd-fc53-49bf-b358-d1a6dc3c6112,2025-06-04,16111400
572,USDC-USDF,3388eabd-fc53-49bf-b358-d1a6dc3c6112,2025-06-05,16113575
573,USDC-USDF,3388eabd-fc53-49bf-b358-d1a6dc3c6112,2025-06-06,16011905
574,PYUSD-USDC,14681aee-05c9-4733-acd0-7b2c84616209,2025-05-01,15078896
575,PYUSD-USDC,14681aee-05c9-4733-acd0-7b2c84616209,2025-05-02,15073573
576,PYUSD-USDC,14681aee-05c9-4733-acd0-7b2c84616209,2025-05-03,15075047
577,PYUSD-USDC,14681aee-05c9-4733-acd0-7b2c84616209,2025-05-04,15076529
578,PYUSD-USDC,14681aee-05c9-4733-acd0-7b2c84616209,2025-05-05,15075437
579,PYUSD-USDC,14681aee-05c9-4733-acd0-7b2c84616209,2025-05-06,15077444
580,PYUSD-USDC,14681aee-05c9-4733-acd0-7b2c84616209,2025-05-07,15077918
581,PYUSD-USDC,14681aee-05c9-4733-acd0-7b2c84616209,2025-05-08,15080289
582,PYUSD-USDC,14681aee-05c9-4733-acd0-7b2c84616209,2025-05-09,15078995
583,PYUSD-USDC,14681aee-05c9-4733-acd0-7b2c84616209,2025-05-10,15080407
584,PYUSD-USDC,14681aee-05c9-4733-acd0-7b2c84616209,2025-05-11,15080110
585,PYUSD-USDC,14681aee-05c9-4733-acd0-7b2c84616209,2025-05-12,15080304
586,PYUSD-USDC,14681aee-05c9-4733-acd0-7b2c84616209,2025-05-13,15082207
587,PYUSD-USDC,14681aee-05c9-4733-acd0-7b2c84616209,2025-05-14,15081793
588,PYUSD-USDC,14681aee-05c9-4733-acd0-7b2c84616209,2025-05-15,15080436
589,PYUSD-USDC,14681aee-05c9-4733-acd0-7b2c84616209,2025-05-16,15078971
590,PYUSD-USDC,14681aee-05c9-4733-acd0-7b2c84616209,2025-05-17,15080411
591,PYUSD-USDC,14681aee-05c9-4733-acd0-7b2c84616209,2025-05-18,15080669
592,PYUSD-USDC,14681aee-05c9-4733-acd0-7b2c84616209,2025-05-19,15077854
593,PYUSD-USDC,14681aee-05c9-4733-acd0-7b2c84616209,2025-05-20,15078112
594,PYUSD-USDC,14681aee-05c9-4733-acd0-7b2c84616209,2025-05-21,15080550
595,PYUSD-USDC,14681aee-05c9-4733-acd0-7b2c84616209,2025-05-22,15079159
596,PYUSD-USDC,14681aee-05c9-4733-acd0-7b2c84616209,2025-05-23,15078444
597,PYUSD-USDC,14681aee-05c9-4733-acd0-7b2c84616209,2025-05-24,15077838
598,PYUSD-USDC,14681aee-05c9-4733-acd0-7b2c84616209,2025-05-25,15079976
599,PYUSD-USDC,14681aee-05c9-4733-acd0-7b2c84616209,2025-05-26,15080144
600,PYUSD-USDC,14681aee-05c9-4733-acd0-7b2c84616209,2025-05-27,15079093
601,PYUSD-USDC,14681aee-05c9-4733-acd0-7b2c84616209,2025-05-28,15077775
602,PYUSD-USDC,14681aee-05c9-4733-acd0-7b2c84616209,2025-05-29,15077418
603,PYUSD-USDC,14681aee-05c9-4733-acd0-7b2c84616209,2025-05-30,15080224
604,PYUSD-USDC,14681aee-05c9-4733-acd0-7b2c84616209,2025-05-31,15082539
605,PYUSD-USDC,14681aee-05c9-4733-acd0-7b2c84616209,2025-06-01,15082816
606,PYUSD-USDC,14681aee-05c9-4733-acd0-7b2c84616209,2025-06-02,15081608
607,PYUSD-USDC,14681aee-05c9-4733-acd0-7b2c84616209,2025-06-03,15084615
608,PYUSD-USDC,14681aee-05c9-4733-acd0-7b2c84616209,2025-06-04,15084328
609,PYUSD-USDC,14681aee-05c9-4733-acd0-7b2c84616209,2025-06-05,15083037
610,PYUSD-USDC,14681aee-05c9-4733-acd0-7b2c84616209,2025-06-06,15085997
611,DAI-USDC-USDT-SUSD,985b3a44-495f-4250-bde3-7b2299036e3e,2025-05-01,12677794
612,DAI-USDC-USDT-SUSD,985b3a44-495f-4250-bde3-7b2299036e3e,2025-05-02,12700242
613,DAI-USDC-USDT-SUSD,985b3a44-495f-4250-bde3-7b2299036e3e,2025-05-03,12743049
614,DAI-USDC-USDT-SUSD,985b3a44-495f-4250-bde3-7b2299036e3e,2025-05-04,12746899
615,DAI-USDC-USDT-SUSD,985b3a44-495f-4250-bde3-7b2299036e3e,2025-05-05,12767505
616,DAI-USDC-USDT-SUSD,985b3a44-495f-4250-bde3-7b2299036e3e,2025-05-06,12844614
617,DAI-USDC-USDT-SUSD,985b3a44-495f-4250-bde3-7b2299036e3e,2025-05-07,12860376
618,DAI-USDC-USDT-SUSD,985b3a44-495f-4250-bde3-7b2299036e3e,2025-05-08,12951661
619,DAI-USDC-USDT-SUSD,985b3a44-495f-4250-bde3-7b2299036e3e,2025-05-09,13269112
620,DAI-USDC-USDT-SUSD,985b3a44-495f-4250-bde3-7b2299036e3e,2025-05-10,13275548
621,DAI-USDC-USDT-SUSD,985b3a44-495f-4250-bde3-7b2299036e3e,2025-05-11,13254829
622,DAI-USDC-USDT-SUSD,985b3a44-495f-4250-bde3-7b2299036e3e,2025-05-12,13249157
623,DAI-USDC-USDT-SUSD,985b3a44-495f-4250-bde3-7b2299036e3e,2025-05-13,13224216
624,DAI-USDC-USDT-SUSD,985b3a44-495f-4250-bde3-7b2299036e3e,2025-05-14,13180868
625,DAI-USDC-USDT-SUSD,985b3a44-495f-4250-bde3-7b2299036e3e,2025-05-15,13257860
626,DAI-USDC-USDT-SUSD,985b3a44-495f-4250-bde3-7b2299036e3e,2025-05-16,13387479
627,DAI-USDC-USDT-SUSD,985b3a44-495f-4250-bde3-7b2299036e3e,2025-05-17,13526694
628,DAI-USDC-USDT-SUSD,985b3a44-495f-4250-bde3-7b2299036e3e,2025-05-18,13487286
629,DAI-USDC-USDT-SUSD,985b3a44-495f-4250-bde3-7b2299036e3e,2025-05-19,13450916
630,DAI-USDC-USDT-SUSD,985b3a44-495f-4250-bde3-7b2299036e3e,2025-05-20,13450295
631,DAI-USDC-USDT-SUSD,985b3a44-495f-4250-bde3-7b2299036e3e,2025-05-21,13509317
632,DAI-USDC-USDT-SUSD,985b3a44-495f-4250-bde3-7b2299036e3e,2025-05-22,13554975
633,DAI-USDC-USDT-SUSD,985b3a44-495f-4250-bde3-7b2299036e3e,2025-05-23,13492339
634,DAI-USDC-USDT-SUSD,985b3a44-495f-4250-bde3-7b2299036e3e,2025-05-24,13484595
635,DAI-USDC-USDT-SUSD,985b3a44-495f-4250-bde3-7b2299036e3e,2025-05-25,13473358
636,DAI-USDC-USDT-SUSD,985b3a44-495f-4250-bde3-7b2299036e3e,2025-05-26,13481705
637,DAI-USDC-USDT-SUSD,985b3a44-495f-4250-bde3-7b2299036e3e,2025-05-27,13465635
638,DAI-USDC-USDT-SUSD,985b3a44-495f-4250-bde3-7b2299036e3e,2025-05-28,13419927
639,DAI-USDC-USDT-SUSD,985b3a44-495f-4250-bde3-7b2299036e3e,2025-05-29,13389834
640,DAI-USDC-USDT-SUSD,985b3a44-495f-4250-bde3-7b2299036e3e,2025-05-30,13362050
641,DAI-USDC-USDT-SUSD,985b3a44-495f-4250-bde3-7b2299036e3e,2025-05-31,13310372
642,DAI-USDC-USDT-SUSD,985b3a44-495f-4250-bde3-7b2299036e3e,2025-06-01,13323600
643,DAI-USDC-USDT-SUSD,985b3a44-495f-4250-bde3-7b2299036e3e,2025-06-02,13331696
644,DAI-USDC-USDT-SUSD,985b3a44-495f-4250-bde3-7b2299036e3e,2025-06-03,13476944
645,DAI-USDC-USDT-SUSD,985b3a44-495f-4250-bde3-7b2299036e3e,2025-06-04,13608593
646,DAI-USDC-USDT-SUSD,985b3a44-495f-4250-bde3-7b2299036e3e,2025-06-05,13601106
647,DAI-USDC-USDT-SUSD,985b3a44-495f-4250-bde3-7b2299036e3e,2025-06-06,13558405
648,FRAX-SDAI,f0eead86-5acd-41a9-93c9-b01766d120e6,2025-05-01,37062694
649,FRAX-SDAI,f0eead86-5acd-41a9-93c9-b01766d120e6,2025-05-02,37056800
650,FRAX-SDAI,f0eead86-5acd-41a9-93c9-b01766d120e6,2025-05-03,37059025
651,FRAX-SDAI,f0eead86-5acd-41a9-93c9-b01766d120e6,2025-05-04,37060106
652,FRAX-SDAI,f0eead86-5acd-41a9-93c9-b01766d120e6,2025-05-05,37048742
653,FRAX-SDAI,f0eead86-5acd-41a9-93c9-b01766d120e6,2025-05-06,37060068
654,FRAX-SDAI,f0eead86-5acd-41a9-93c9-b01766d120e6,2025-05-07,37071646
655,FRAX-SDAI,f0eead86-5acd-41a9-93c9-b01766d120e6,2025-05-08,37081133
656,FRAX-SDAI,f0eead86-5acd-41a9-93c9-b01766d120e6,2025-05-09,27897077
657,FRAX-SDAI,f0eead86-5acd-41a9-93c9-b01766d120e6,2025-05-10,27907744
658,FRAX-SDAI,f0eead86-5acd-41a9-93c9-b01766d120e6,2025-05-11,27899656
659,FRAX-SDAI,f0eead86-5acd-41a9-93c9-b01766d120e6,2025-05-12,27894699
660,FRAX-SDAI,f0eead86-5acd-41a9-93c9-b01766d120e6,2025-05-13,27914045
661,FRAX-SDAI,f0eead86-5acd-41a9-93c9-b01766d120e6,2025-05-14,21776975
662,FRAX-SDAI,f0eead86-5acd-41a9-93c9-b01766d120e6,2025-05-15,11575632
663,FRAX-SDAI,f0eead86-5acd-41a9-93c9-b01766d120e6,2025-05-16,11576833
664,FRAX-SDAI,f0eead86-5acd-41a9-93c9-b01766d120e6,2025-05-17,11578533
665,FRAX-SDAI,f0eead86-5acd-41a9-93c9-b01766d120e6,2025-05-18,11576650
666,FRAX-SDAI,f0eead86-5acd-41a9-93c9-b01766d120e6,2025-05-19,11578952
667,FRAX-SDAI,f0eead86-5acd-41a9-93c9-b01766d120e6,2025-05-20,11583037
668,FRAX-SDAI,f0eead86-5acd-41a9-93c9-b01766d120e6,2025-05-21,11578689
669,FRAX-SDAI,f0eead86-5acd-41a9-93c9-b01766d120e6,2025-05-22,11581019
670,FRAX-SDAI,f0eead86-5acd-41a9-93c9-b01766d120e6,2025-05-23,11578820
671,FRAX-SDAI,f0eead86-5acd-41a9-93c9-b01766d120e6,2025-05-24,11580705
672,FRAX-SDAI,f0eead86-5acd-41a9-93c9-b01766d120e6,2025-05-25,11579346
673,FRAX-SDAI,f0eead86-5acd-41a9-93c9-b01766d120e6,2025-05-26,11582232
674,FRAX-SDAI,f0eead86-5acd-41a9-93c9-b01766d120e6,2025-05-27,11581442
675,FRAX-SDAI,f0eead86-5acd-41a9-93c9-b01766d120e6,2025-05-28,11581485
676,FRAX-SDAI,f0eead86-5acd-41a9-93c9-b01766d120e6,2025-05-29,11576397
677,FRAX-SDAI,f0eead86-5acd-41a9-93c9-b01766d120e6,2025-05-30,11584448
678,FRAX-SDAI,f0eead86-5acd-41a9-93c9-b01766d120e6,2025-05-31,11583945
679,FRAX-SDAI,f0eead86-5acd-41a9-93c9-b01766d120e6,2025-06-01,11584990
680,FRAX-SDAI,f0eead86-5acd-41a9-93c9-b01766d120e6,2025-06-02,11583898
681,FRAX-SDAI,f0eead86-5acd-41a9-93c9-b01766d120e6,2025-06-03,11587689
682,FRAX-SDAI,f0eead86-5acd-41a9-93c9-b01766d120e6,2025-06-04,11590039
683,FRAX-SDAI,f0eead86-5acd-41a9-93c9-b01766d120e6,2025-06-05,11585916
684,FRAX-SDAI,f0eead86-5acd-41a9-93c9-b01766d120e6,2025-06-06,11587643
685,FRAX-USDC,3f6aa14f-eb0c-4738-bf74-8bc666f7d2b1,2025-05-01,8573493
686,FRAX-USDC,3f6aa14f-eb0c-4738-bf74-8bc666f7d2b1,2025-05-02,8525896
687,FRAX-USDC,3f6aa14f-eb0c-4738-bf74-8bc666f7d2b1,2025-05-03,9377810
688,FRAX-USDC,3f6aa14f-eb0c-4738-bf74-8bc666f7d2b1,2025-05-04,9278810
689,FRAX-USDC,3f6aa14f-eb0c-4738-bf74-8bc666f7d2b1,2025-05-05,9411676
690,FRAX-USDC,3f6aa14f-eb0c-4738-bf74-8bc666f7d2b1,2025-05-06,9858892
691,FRAX-USDC,3f6aa14f-eb0c-4738-bf74-8bc666f7d2b1,2025-05-07,10023988
692,FRAX-USDC,3f6aa14f-eb0c-4738-bf74-8bc666f7d2b1,2025-05-08,10789249
693,FRAX-USDC,3f6aa14f-eb0c-4738-bf74-8bc666f7d2b1,2025-05-09,10656476
694,FRAX-USDC,3f6aa14f-eb0c-4738-bf74-8bc666f7d2b1,2025-05-10,10794121
695,FRAX-USDC,3f6aa14f-eb0c-4738-bf74-8bc666f7d2b1,2025-05-11,10678447
696,FRAX-USDC,3f6aa14f-eb0c-4738-bf74-8bc666f7d2b1,2025-05-12,10718186
697,FRAX-USDC,3f6aa14f-eb0c-4738-bf74-8bc666f7d2b1,2025-05-13,11148218
698,FRAX-USDC,3f6aa14f-eb0c-4738-bf74-8bc666f7d2b1,2025-05-14,10850361
699,FRAX-USDC,3f6aa14f-eb0c-4738-bf74-8bc666f7d2b1,2025-05-15,10749426
700,FRAX-USDC,3f6aa14f-eb0c-4738-bf74-8bc666f7d2b1,2025-05-16,10671369
701,FRAX-USDC,3f6aa14f-eb0c-4738-bf74-8bc666f7d2b1,2025-05-17,11030793
702,FRAX-USDC,3f6aa14f-eb0c-4738-bf74-8bc666f7d2b1,2025-05-18,11533420
703,FRAX-USDC,3f6aa14f-eb0c-4738-bf74-8bc666f7d2b1,2025-05-19,11038612
704,FRAX-USDC,3f6aa14f-eb0c-4738-bf74-8bc666f7d2b1,2025-05-20,11425709
705,FRAX-USDC,3f6aa14f-eb0c-4738-bf74-8bc666f7d2b1,2025-05-21,11742036
706,FRAX-USDC,3f6aa14f-eb0c-4738-bf74-8bc666f7d2b1,2025-05-22,11269095
707,FRAX-USDC,3f6aa14f-eb0c-4738-bf74-8bc666f7d2b1,2025-05-23,11283411
708,FRAX-USDC,3f6aa14f-eb0c-4738-bf74-8bc666f7d2b1,2025-05-24,11319133
709,FRAX-USDC,3f6aa14f-eb0c-4738-bf74-8bc666f7d2b1,2025-05-25,11831562
710,FRAX-USDC,3f6aa14f-eb0c-4738-bf74-8bc666f7d2b1,2025-05-26,11670203
711,FRAX-USDC,3f6aa14f-eb0c-4738-bf74-8bc666f7d2b1,2025-05-27,11804750
712,FRAX-USDC,3f6aa14f-eb0c-4738-bf74-8bc666f7d2b1,2025-05-28,11204512
713,FRAX-USDC,3f6aa14f-eb0c-4738-bf74-8bc666f7d2b1,2025-05-29,11468246
714,FRAX-USDC,3f6aa14f-eb0c-4738-bf74-8bc666f7d2b1,2025-05-30,11248892
715,FRAX-USDC,3f6aa14f-eb0c-4738-bf74-8bc666f7d2b1,2025-05-31,11615641
716,FRAX-USDC,3f6aa14f-eb0c-4738-bf74-8bc666f7d2b1,2025-06-01,11804892
717,FRAX-USDC,3f6aa14f-eb0c-4738-bf74-8bc666f7d2b1,2025-06-02,11409570
718,FRAX-USDC,3f6aa14f-eb0c-4738-bf74-8bc666f7d2b1,2025-06-03,11136791
719,FRAX-USDC,3f6aa14f-eb0c-4738-bf74-8bc666f7d2b1,2025-06-04,11591205
720,FRAX-USDC,3f6aa14f-eb0c-4738-bf74-8bc666f7d2b1,2025-06-05,11267097
721,FRAX-USDC,3f6aa14f-eb0c-4738-bf74-8bc666f7d2b1,2025-06-06,11299655
